FPAngleAtPKAM1,FPAngleAverage,KAMImpulse,KneeAbdAngleAverage,LimbPGRF1,LimbPGRF2,PKAM1,PKAM2,PKEM,PKFM,TLAngleAtPKAM1,Speed,Stride_Length_Mean,Stride_Width_Mean,Subject,Condition,Limb
-7.230547,-8.1829,-0.062202,4.663079,1.115023,1.128372,-0.182036,-0.175094,0.264862,-0.162476,2.856091,1.20477,1.34935,0.14251,0,Normal,Dominant
-8.612206,-10.070393,-0.043692,3.562398,1.106193,1.13786,-0.315429,-0.036161,0.146773,-0.308084,0.364802,1.41523,1.44353,0.17285,1,Normal,Dominant
-10.879077,-11.671491,-0.046395,1.08917,1.112453,1.096914,-0.129421,-0.109493,0.315741,-0.048201,0.902946,1.2431,1.35498,0.10087,2,Normal,Dominant
-7.176479,-8.006979,-0.022724,-1.147855,1.15552,1.165713,-0.206096,-0.089303,-0.040201,-0.231571,5.465018,1.30053,1.36556,0.13726,3,Normal,Dominant
-9.464766,-9.667301,-0.039445,1.563241,1.15845,1.11922,-0.244285,-0.091073,0.274727,-0.168088,4.608932,1.37966,1.31068,0.06839,4,Normal,Dominant
-11.045674,-11.813241,-0.089736,7.862986,1.057804,1.179067,-0.254787,-0.137035,0.208165,-0.112489,0.597171,1.08613,1.29249,0.15768,5,Normal,Dominant
-12.223299,-12.671309,-0.181126,8.580572,0.990278,1.095902,-0.381124,-0.330589,0.001352,-0.165043,-3.320548,0.98807,1.1758,0.07087,6,Normal,Dominant
-4.468042,-4.594378,-0.055199,-3.925925,1.240494,1.224974,-0.235058,-0.106417,0.451894,-0.170217,-3.785823,1.48149,1.62963,0.12276,7,Normal,Dominant
0.47776,0.17641,-0.08798,4.396624,1.280484,1.13766,-0.321404,-0.204955,0.249367,-0.143594,6.055013,1.37898,1.44793,0.09401,8,Normal,Dominant
-11.359529,-11.895542,-0.118109,3.452508,1.18073,1.041505,-0.385342,-0.214931,0.117929,-0.206763,3.201427,1.31956,1.47791,0.1345,9,Normal,Dominant
-13.989143,-14.555229,-0.057561,2.834567,1.01174,0.987834,-0.216279,-0.123807,0.295608,-0.110353,4.24953,1.27876,1.43221,0.12932,10,Normal,Dominant
-7.755293,-8.573249,-0.082551,1.103735,1.08617,1.042997,-0.211519,-0.145616,0.37627,-0.047389,3.408898,1.01499,1.23322,0.14521,11,Normal,Dominant
-14.064693,-14.150324,-0.076171,1.390741,1.095157,1.063769,-0.273578,-0.137741,0.250562,-0.04268,2.561485,1.24459,1.3006,0.1733,12,Normal,Dominant
-10.018753,-10.119969,-0.063813,-2.497437,1.162537,1.060762,-0.241463,-0.121305,0.473388,0.040486,0.680096,1.1709,1.28214,0.16735,13,Normal,Dominant
-13.600275,-14.031691,-0.032838,4.285299,1.128178,1.149089,-0.275592,-0.070705,0.17657,-0.235169,6.326452,1.30052,1.33954,0.14395,14,Normal,Dominant
-7.946324,-9.063324,-0.086725,3.222158,1.01113,1.08099,-0.284825,-0.137533,0.022036,-0.096999,-3.033625,1.1989,1.28283,0.13606,15,Normal,Dominant
-5.595262,-6.336387,-0.074463,4.457473,1.30147,1.189203,-0.238321,-0.170245,0.427234,-0.113164,4.14357,1.25104,1.35112,0.16333,0,Normal,Dominant
-7.718093,-9.129615,-0.038076,3.759252,0.973469,1.186853,-0.231192,-0.046459,0.094416,-0.354536,2.54411,1.54233,1.52691,0.17656,1,Normal,Dominant
-12.322822,-12.670506,-0.040979,1.115264,1.069772,1.10043,-0.115632,-0.116607,0.302588,-0.020476,1.627929,1.1867,1.34098,0.07485,2,Normal,Dominant
-0.457426,-1.431104,-0.046623,-0.676157,1.239738,1.18581,-0.272147,-0.140759,-0.050149,-0.243959,4.300415,1.33173,1.39831,0.15541,3,Normal,Dominant
-11.255814,-12.021004,-0.0517,1.800104,1.179338,1.133328,-0.268539,-0.063973,0.297117,-0.17628,3.969109,1.27945,1.31783,0.10428,4,Normal,Dominant
-10.453712,-11.391771,-0.102073,8.193029,1.01319,1.109682,-0.251771,-0.155904,0.168133,-0.084231,1.777404,0.95988,1.19985,0.17183,5,Normal,Dominant
-8.630234,-9.176558,-0.165199,8.397759,1.142201,1.120935,-0.401739,-0.3039,0.254854,-0.17671,-2.441451,1.0218,1.21594,0.10588,6,Normal,Dominant
-2.130573,-1.976267,-0.075084,-3.668051,1.272482,1.230596,-0.277548,-0.195664,0.424443,-0.240952,-2.802386,1.45453,1.6218,0.05389,7,Normal,Dominant
-0.841564,-2.046038,-0.119242,4.634022,1.20866,1.066702,-0.362546,-0.257868,0.168437,-0.195524,3.119169,1.36313,1.42448,0.12972,8,Normal,Dominant
-5.747003,-6.323851,-0.107282,3.40254,1.213743,1.117543,-0.391984,-0.17585,0.310175,-0.074786,2.994521,1.24325,1.47325,0.11264,9,Normal,Dominant
-15.024886,-15.714739,-0.063707,2.904173,1.050317,1.023046,-0.253867,-0.116689,0.316042,-0.095889,4.809596,1.30104,1.45717,0.13652,10,Normal,Dominant
-8.418278,-9.249887,-0.082708,1.191275,1.070691,1.060552,-0.219754,-0.134651,0.380765,-0.048976,4.830087,1.04678,1.2823,0.1349,11,Normal,Dominant
-13.624269,-13.9486,-0.07679,2.015237,1.152504,1.131355,-0.272454,-0.12481,0.344091,-0.009524,4.494199,1.30181,1.30181,0.17501,12,Normal,Dominant
-7.773728,-7.453303,-0.068495,-2.516172,1.129731,1.05352,-0.219827,-0.139892,0.491101,0.015779,1.800879,1.22062,1.34268,0.17265,13,Normal,Dominant
-12.317426,-13.098928,-0.051504,3.838158,1.309521,1.194795,-0.357664,-0.098557,0.281509,-0.30295,5.487505,1.37236,1.35863,0.15315,14,Normal,Dominant
-11.66764,-12.110279,-0.071306,3.68715,0.932601,1.057233,-0.228717,-0.111078,-0.04642,-0.140044,-3.340353,1.18884,1.25423,0.13571,15,Normal,Dominant
-5.8417,-6.80993,-0.060221,5.107132,1.228026,1.158272,-0.177017,-0.150431,0.443306,-0.151348,5.533675,1.16216,1.29,0.18016,0,Normal,Dominant
-10.478924,-11.292399,-0.057937,3.4286,1.104973,1.106888,-0.295834,-0.052374,0.154469,-0.232136,1.268344,1.46684,1.46684,0.18283,1,Normal,Dominant
-11.968898,-12.655992,-0.039075,0.765979,1.089685,1.062469,-0.117118,-0.103604,0.328749,-0.026352,2.007732,1.16064,1.31153,0.08185,2,Normal,Dominant
-1.456883,-2.271566,-0.046592,-0.692471,1.173692,1.203633,-0.25785,-0.137335,-0.059019,-0.263386,4.544769,1.28277,1.37257,0.16709,3,Normal,Dominant
-10.648242,-11.048544,-0.048302,1.978031,1.20492,1.148619,-0.214184,-0.071794,0.342624,-0.138424,5.69677,1.22776,1.22776,0.10622,4,Normal,Dominant
-7.510613,-8.024715,-0.095865,7.92042,1.056527,1.111311,-0.252374,-0.142234,0.203888,-0.07529,1.151232,0.96829,1.21036,0.16027,5,Normal,Dominant
-12.574442,-13.331587,-0.183672,8.538591,1.10645,1.082734,-0.418741,-0.283027,0.230158,-0.144981,-4.668468,0.99163,1.20979,0.08761,6,Normal,Dominant
-8.172741,-8.028527,-0.050185,-4.003866,1.199005,1.213108,-0.228706,-0.08426,0.421401,-0.179861,-3.469338,1.44028,1.52669,0.08078,7,Normal,Dominant
-4.428236,-4.833085,-0.081161,4.704631,1.205625,1.177521,-0.344649,-0.202082,0.167578,-0.147662,4.52825,1.47867,1.49346,0.13643,8,Normal,Dominant
-14.533083,-14.934114,-0.12623,3.72835,1.14514,1.048653,-0.404433,-0.200802,0.179564,-0.20541,2.298224,1.36344,1.49297,0.16531,9,Normal,Dominant
-16.665787,-17.394381,-0.087543,2.626727,0.954932,0.929785,-0.249388,-0.143122,0.224471,-0.194448,5.893117,1.23706,1.4288,0.11355,10,Normal,Dominant
-8.969876,-9.592963,-0.08177,0.976572,1.155984,1.115242,-0.240575,-0.156497,0.454163,-0.111157,4.753913,1.12731,1.32459,0.12557,11,Normal,Dominant
-14.429337,-14.658171,-0.065383,1.463673,1.101228,1.100527,-0.272839,-0.10164,0.226994,-0.079775,1.588323,1.33012,1.33012,0.17411,12,Normal,Dominant
-9.207104,-9.115085,-0.068577,-2.361224,1.164481,1.05593,-0.242862,-0.139859,0.542165,-0.006372,-0.153257,1.18105,1.28144,0.16047,13,Normal,Dominant
-14.112961,-14.903173,-0.05102,5.246676,1.310846,1.255637,-0.397916,-0.079812,0.349476,-0.22455,4.704274,1.36823,1.38191,0.13199,14,Normal,Dominant
-9.096943,-9.686705,-0.078074,3.516344,0.918021,1.084635,-0.248359,-0.131544,-0.060273,-0.122903,-3.6894,1.24132,1.3158,0.14102,15,Normal,Dominant
-5.203626,-6.547337,-0.071185,4.719586,1.263228,1.117166,-0.215445,-0.14999,0.433424,-0.163209,4.939693,1.19026,1.34499,0.18291,0,Normal,Dominant
-7.200754,-7.852233,-0.051779,4.06352,1.093454,1.087514,-0.313108,-0.043183,0.235882,-0.305328,1.222332,1.49744,1.46749,0.18509,1,Normal,Dominant
-10.942836,-11.758194,-0.050414,0.723748,1.13237,1.084632,-0.122362,-0.12846,0.381515,-0.027108,1.53582,1.20761,1.34045,0.0968,2,Normal,Dominant
-2.804153,-3.886538,-0.04459,-0.678254,1.133355,1.246165,-0.252436,-0.082373,-0.033959,-0.222922,3.78246,1.23591,1.33478,0.15912,3,Normal,Dominant
-11.395522,-12.070189,-0.047441,1.946608,1.170575,1.145859,-0.226398,-0.082224,0.283847,-0.096692,4.910871,1.24005,1.26485,0.08768,4,Normal,Dominant
-9.045148,-10.071733,-0.092634,8.245923,1.011266,1.118094,-0.241708,-0.143893,0.17335,-0.09571,1.139188,0.9635,1.18029,0.18025,5,Normal,Dominant
-11.750122,-11.980005,-0.168548,9.215664,1.153772,1.166993,-0.417662,-0.319017,0.336391,-0.189838,-4.333131,1.06821,1.20174,0.12135,6,Normal,Dominant
-2.629946,-2.329243,-0.059081,-4.265172,1.229996,1.259331,-0.246479,-0.15315,0.515096,-0.1074,-1.699146,1.41607,1.52935,0.11664,7,Normal,Dominant
-3.038498,-3.944594,-0.108884,4.510699,1.234804,1.081339,-0.379502,-0.257419,0.188901,-0.206081,4.386755,1.52941,1.52176,0.14185,8,Normal,Dominant
-8.947435,-9.082603,-0.112102,3.616805,1.272066,1.144164,-0.440906,-0.198349,0.28643,-0.096122,2.656756,1.34099,1.54214,0.07537,9,Normal,Dominant
-16.207466,-16.945391,-0.067523,2.94404,1.027027,1.005594,-0.250648,-0.08714,0.331336,-0.077815,5.306539,1.23662,1.44684,0.13436,10,Normal,Dominant
-4.993552,-5.662705,-0.080782,0.935041,1.126533,1.08349,-0.228595,-0.155723,0.38465,-0.094761,3.28788,1.1301,1.31092,0.11934,11,Normal,Dominant
-14.960441,-15.342986,-0.068503,1.605146,1.091179,1.058998,-0.260681,-0.110293,0.232119,-0.051575,1.595045,1.30585,1.31238,0.17696,12,Normal,Dominant
-7.125936,-7.428018,-0.067957,-2.523007,1.100523,1.083564,-0.2094,-0.152023,0.498852,0.024432,1.327811,1.17495,1.26307,0.20748,13,Normal,Dominant
-11.196781,-11.685308,-0.058048,5.631719,1.2921,1.123073,-0.390516,-0.101113,0.303206,-0.224256,5.241792,1.25281,1.30919,0.13465,14,Normal,Dominant
-10.390125,-11.031751,-0.07576,3.51829,0.92064,1.103951,-0.23249,-0.112874,-0.032591,-0.117555,-2.996995,1.21068,1.30148,0.09232,15,Normal,Dominant
-6.282888,-6.781648,-0.072403,4.607274,1.197566,1.154946,-0.208319,-0.162747,0.34989,-0.169064,4.04065,1.14497,1.33962,0.147,0,Normal,Dominant
-8.294275,-8.913653,-0.045799,2.67962,1.152346,1.163329,-0.323301,-0.05141,0.184673,-0.355498,2.128861,1.52361,1.53885,0.15397,1,Normal,Dominant
-11.604519,-12.359838,-0.052311,0.733023,1.10226,1.074925,-0.128319,-0.121489,0.334394,-0.044311,1.337962,1.16167,1.3243,0.09428,2,Normal,Dominant
-3.318814,-3.980902,-0.042163,-0.629609,1.085742,1.187879,-0.236143,-0.111676,-0.028738,-0.252647,5.04447,1.2355,1.3467,0.14463,3,Normal,Dominant
-16.044807,-16.201242,-0.049015,2.594635,1.12069,1.115628,-0.199686,-0.06847,0.245391,-0.106377,4.025225,1.16161,1.19646,0.07509,4,Normal,Dominant
-10.636947,-11.509753,-0.096981,8.393486,1.018284,1.084544,-0.236006,-0.129916,0.150687,-0.155475,1.732322,0.9394,1.16016,0.16605,5,Normal,Dominant
-8.537676,-9.126948,-0.168764,8.68387,1.130463,1.105748,-0.366758,-0.317538,0.194136,-0.193003,-3.726712,0.9449,1.13388,0.12461,6,Normal,Dominant
-7.913062,-7.550688,-0.065928,-4.035541,1.174919,1.208799,-0.270502,-0.156369,0.304816,-0.242819,-2.487103,1.46786,1.54859,0.06354,7,Normal,Dominant
0.600867,0.012808,-0.090505,4.278752,1.280751,1.156092,-0.355759,-0.272641,0.227467,-0.133019,4.559716,1.52458,1.47884,0.10235,8,Normal,Dominant
-9.702032,-9.81378,-0.099231,2.754192,1.240611,1.093765,-0.398438,-0.170849,0.212329,-0.136464,2.991425,1.26592,1.46213,0.09035,9,Normal,Dominant
-18.618807,-19.137486,-0.070139,3.692503,1.043838,1.057975,-0.261625,-0.099987,0.369383,-0.078266,4.770948,1.21175,1.38139,0.13484,10,Normal,Dominant
-9.53256,-10.003871,-0.077428,0.778342,1.176944,1.127692,-0.231557,-0.138947,0.492971,-0.057292,2.314154,1.22372,1.37669,0.1324,11,Normal,Dominant
-11.960591,-12.322148,-0.071338,0.741821,1.128771,1.028559,-0.29013,-0.143963,0.281799,-0.027222,1.17101,1.30607,1.28648,0.18471,12,Normal,Dominant
-9.546314,-10.012393,-0.057064,-2.439342,1.200722,1.081607,-0.237295,-0.105772,0.527115,0.013753,0.102499,1.22437,1.26722,0.19257,13,Normal,Dominant
-16.94141,-17.586895,-0.042895,3.875054,1.201113,1.178238,-0.292469,-0.082313,0.22787,-0.279371,5.774321,1.27421,1.31243,0.12247,14,Normal,Dominant
-7.517278,-8.420291,-0.079626,3.583023,0.968772,1.066046,-0.265286,-0.13217,-0.021814,-0.126539,-2.903992,1.23423,1.27743,0.13116,15,Normal,Dominant
-3.065907,-3.57975,-0.054401,-0.893222,1.084181,1.101437,-0.214136,-0.117987,0.197551,-0.312414,0.884702,1.20477,1.34935,0.14251,0,Normal,NonDominant
-5.27828,-6.018005,-0.077236,2.876694,1.050068,1.102213,-0.257723,-0.173457,0.253492,-0.286497,3.170245,1.41523,1.44353,0.17285,1,Normal,NonDominant
-6.555472,-6.947994,-0.123591,4.134347,1.114461,1.065827,-0.308717,-0.280677,0.299261,-0.105857,3.087207,1.2431,1.35498,0.10087,2,Normal,NonDominant
2.671751,1.384833,-0.075918,-3.839417,1.024132,1.142599,-0.204991,-0.246354,-0.035079,-0.174076,-2.825487,1.30053,1.36556,0.13726,3,Normal,NonDominant
-7.124708,-7.189249,-0.060977,0.365422,1.083227,1.125337,-0.25755,-0.149021,0.15184,-0.240074,-3.761171,1.37966,1.31068,0.06839,4,Normal,NonDominant
-7.744945,-8.131937,-0.177614,9.781187,1.039852,1.097958,-0.40204,-0.312868,0.042006,-0.300122,-1.302435,1.08613,1.29249,0.15768,5,Normal,NonDominant
-20.818697,-20.708902,-0.082448,6.56831,0.902392,0.775202,-0.259239,-0.113016,0.037364,-0.044233,7.151169,0.98807,1.1758,0.07087,6,Normal,NonDominant
2.666625,2.701717,-0.062619,-0.458429,1.183796,1.19211,-0.186868,-0.155053,0.463504,-0.217848,6.058063,1.48149,1.62963,0.12276,7,Normal,NonDominant
-5.115992,-6.202927,-0.134925,-0.224206,1.21178,1.118206,-0.391805,-0.270422,0.283077,0.047476,-5.778008,1.37898,1.44793,0.09401,8,Normal,NonDominant
-17.753372,-18.262911,-0.092387,2.402521,1.128704,1.08324,-0.30915,-0.152985,0.393558,-0.075373,-1.073917,1.31956,1.47791,0.1345,9,Normal,NonDominant
-12.084053,-13.03289,-0.085275,3.186381,1.014796,1.000624,-0.280862,-0.156065,0.234622,-0.161417,-1.145312,1.27876,1.43221,0.12932,10,Normal,NonDominant
-12.452609,-13.297779,-0.152012,6.087785,1.06912,1.064974,-0.390639,-0.219723,0.305362,-0.046838,-0.117414,1.01499,1.23322,0.14521,11,Normal,NonDominant
-19.121048,-19.566832,-0.062852,-1.045629,1.048654,0.95846,-0.239696,-0.103193,0.220251,-0.02082,-1.320058,1.24459,1.3006,0.1733,12,Normal,NonDominant
-1.555824,-2.118518,-0.040086,0.881839,1.070939,1.075066,-0.15379,-0.094854,0.360147,-0.040169,0.690663,1.1709,1.28214,0.16735,13,Normal,NonDominant
-5.597172,-6.427719,-0.06067,1.867041,1.253853,1.07447,-0.280134,-0.150505,-0.046923,-0.234958,-3.37683,1.30052,1.33954,0.14395,14,Normal,NonDominant
-12.367547,-13.345225,-0.033353,1.537212,1.06037,1.047599,-0.240058,-0.087115,-0.093367,-0.165756,3.521585,1.1989,1.28283,0.13606,15,Normal,NonDominant
0.567851,-0.107933,-0.060041,-0.775075,1.105951,1.052721,-0.227801,-0.109762,0.205186,-0.366107,-0.121948,1.25104,1.35112,0.16333,0,Normal,NonDominant
-6.197632,-7.843101,-0.077608,2.819357,1.109862,1.072666,-0.29728,-0.14242,0.320908,-0.261472,0.303269,1.54233,1.52691,0.17656,1,Normal,NonDominant
-8.369308,-8.974268,-0.134947,4.520092,1.117637,1.037742,-0.313854,-0.264018,0.348449,-0.100413,3.230247,1.1867,1.34098,0.07485,2,Normal,NonDominant
2.065497,1.09088,-0.078132,-3.889901,1.042654,1.192502,-0.233203,-0.250216,-0.03865,-0.167735,-2.381136,1.33173,1.39831,0.15541,3,Normal,NonDominant
-7.427578,-8.248919,-0.079027,0.956101,1.113773,1.148089,-0.270975,-0.161948,0.186852,-0.18752,-3.9311,1.27945,1.31783,0.10428,4,Normal,NonDominant
-8.212776,-8.622057,-0.165317,9.951228,0.981458,1.073078,-0.330973,-0.29012,0.030812,-0.345468,-0.857848,0.95988,1.19985,0.17183,5,Normal,NonDominant
-18.531734,-18.727423,-0.081498,6.796392,1.085793,1.109596,-0.238479,-0.125115,0.234406,-0.115912,7.412739,1.0218,1.21594,0.10588,6,Normal,NonDominant
5.279532,5.614993,-0.074972,0.246964,1.168404,1.134235,-0.203198,-0.218291,0.487696,-0.231583,4.221869,1.45453,1.6218,0.05389,7,Normal,NonDominant
-0.929716,-2.58786,-0.126789,-0.338405,1.236437,1.10831,-0.353019,-0.283342,0.297023,0.029351,-4.967558,1.36313,1.42448,0.12972,8,Normal,NonDominant
-22.325626,-22.679619,-0.101065,2.488405,1.135627,1.070236,-0.321645,-0.158382,0.436658,-0.032711,-0.923146,1.24325,1.47325,0.11264,9,Normal,NonDominant
-13.084854,-14.063412,-0.085685,3.245901,1.009514,0.963993,-0.291649,-0.148463,0.243793,-0.152555,-0.998431,1.30104,1.45717,0.13652,10,Normal,NonDominant
-13.757446,-14.662646,-0.168494,6.303601,1.102573,1.079188,-0.431783,-0.25662,0.37628,0.019534,-0.34193,1.04678,1.2823,0.1349,11,Normal,NonDominant
-14.883252,-15.180903,-0.064735,-1.857658,1.16839,0.997414,-0.214246,-0.170557,0.411389,-0.037178,-1.228588,1.30181,1.30181,0.17501,12,Normal,NonDominant
-4.568954,-5.495864,-0.040518,0.912267,1.04967,1.041862,-0.13678,-0.109871,0.382112,-0.02279,-0.145238,1.22062,1.34268,0.17265,13,Normal,NonDominant
-6.549526,-7.288905,-0.065757,1.787873,1.191529,1.136241,-0.284851,-0.153086,-0.020513,-0.231502,-2.613469,1.37236,1.35863,0.15315,14,Normal,NonDominant
-14.558678,-15.620749,-0.045207,1.372983,0.92839,1.070229,-0.181841,-0.082212,-0.043579,-0.109912,4.42254,1.18884,1.25423,0.13571,15,Normal,NonDominant
-0.072759,-0.837108,-0.07172,-0.477372,1.127115,1.061265,-0.241927,-0.134051,0.234932,-0.351774,0.080067,1.16216,1.29,0.18016,0,Normal,NonDominant
-5.580571,-6.642887,-0.078064,2.578812,1.140377,1.105739,-0.324434,-0.14668,0.360132,-0.254131,3.50605,1.46684,1.46684,0.18283,1,Normal,NonDominant
-7.606324,-8.101278,-0.13028,4.12336,1.032072,1.033973,-0.284592,-0.260225,0.28328,-0.087218,2.03911,1.16064,1.31153,0.08185,2,Normal,NonDominant
2.91107,2.005413,-0.082999,-3.802315,1.006959,1.172995,-0.239466,-0.261425,-0.049505,-0.191781,-3.124571,1.28277,1.37257,0.16709,3,Normal,NonDominant
-6.310609,-7.296778,-0.077408,0.923328,1.133708,1.120311,-0.28407,-0.172209,0.180085,-0.17576,-5.073723,1.22776,1.22776,0.10622,4,Normal,NonDominant
-7.596371,-8.038665,-0.181049,9.946256,0.96822,1.077507,-0.345314,-0.273324,0.048746,-0.298397,-1.065592,0.96829,1.21036,0.16027,5,Normal,NonDominant
-16.409967,-16.660812,-0.071504,6.640131,1.056162,1.116069,-0.227771,-0.105755,0.219438,-0.103972,7.325357,0.99163,1.20979,0.08761,6,Normal,NonDominant
6.97597,6.987508,-0.059854,-0.497193,1.160673,1.1881,-0.195865,-0.16296,0.424566,-0.221514,4.226632,1.44028,1.52669,0.08078,7,Normal,NonDominant
0.855447,-0.872513,-0.121627,-0.973029,1.223263,1.153047,-0.367512,-0.30154,0.390904,0.057703,-3.532927,1.47867,1.49346,0.13643,8,Normal,NonDominant
-18.846153,-19.378975,-0.090022,2.0422,1.155738,1.082602,-0.311363,-0.16694,0.440405,-0.071046,-0.941071,1.36344,1.49297,0.16531,9,Normal,NonDominant
-14.134326,-15.211778,-0.100901,3.720333,1.01641,0.957124,-0.297858,-0.155421,0.26856,-0.116673,-1.600805,1.23706,1.4288,0.11355,10,Normal,NonDominant
-14.039989,-14.78951,-0.155887,6.319039,1.12925,1.109382,-0.432515,-0.258571,0.396966,-0.043247,-1.413851,1.12731,1.32459,0.12557,11,Normal,NonDominant
-19.989964,-20.175428,-0.069456,-1.40917,1.053685,1.026011,-0.244315,-0.15378,0.230386,-0.096546,-1.799016,1.33012,1.33012,0.17411,12,Normal,NonDominant
-4.132967,-4.771755,-0.030163,1.211517,1.045401,1.022654,-0.144587,-0.092816,0.369098,-0.04236,0.854208,1.18105,1.28144,0.16047,13,Normal,NonDominant
-5.050349,-5.784541,-0.049655,2.793391,1.187037,1.178354,-0.347262,-0.143058,0.209256,-0.322946,-2.186298,1.36823,1.38191,0.13199,14,Normal,NonDominant
-13.271819,-14.323994,-0.049151,1.548033,1.013929,1.08543,-0.234414,-0.075326,-0.017216,-0.066824,6.127153,1.24132,1.3158,0.14102,15,Normal,NonDominant
0.369226,-0.378589,-0.083265,-0.371507,1.067219,1.065472,-0.241174,-0.161135,0.203198,-0.333813,-0.554999,1.19026,1.34499,0.18291,0,Normal,NonDominant
-4.684344,-6.032222,-0.075316,2.349694,1.15215,1.102799,-0.293785,-0.160704,0.344713,-0.250966,2.310356,1.49744,1.46749,0.18509,1,Normal,NonDominant
-7.301741,-7.746899,-0.131982,4.603189,1.0908,1.044821,-0.302271,-0.286148,0.294264,-0.096735,2.568731,1.20761,1.34045,0.0968,2,Normal,NonDominant
-0.403191,-1.617251,-0.070491,-4.081779,0.982109,1.171297,-0.194381,-0.221736,-0.058039,-0.189849,-2.007313,1.23591,1.33478,0.15912,3,Normal,NonDominant
-8.036894,-8.359456,-0.073484,0.649219,1.12209,1.105332,-0.257199,-0.181589,0.143695,-0.182414,-4.616653,1.24005,1.26485,0.08768,4,Normal,NonDominant
-7.010546,-7.56977,-0.160344,9.692766,0.979847,1.059663,-0.33967,-0.258139,0.061659,-0.303294,0.23429,0.9635,1.18029,0.18025,5,Normal,NonDominant
-17.285978,-17.604242,-0.069932,6.623522,1.05456,1.164338,-0.214252,-0.133042,0.278735,-0.095703,7.971395,1.06821,1.20174,0.12135,6,Normal,NonDominant
3.255847,3.532639,-0.050246,-0.524015,1.103363,1.169516,-0.169625,-0.143361,0.462889,-0.123588,4.095986,1.41607,1.52935,0.11664,7,Normal,NonDominant
-0.131712,-1.571745,-0.121903,-1.146466,1.333204,1.171364,-0.396304,-0.281635,0.482516,0.046812,-1.988911,1.52941,1.52176,0.14185,8,Normal,NonDominant
-22.257032,-22.272364,-0.095144,3.444387,1.148957,1.074922,-0.35163,-0.18249,0.408484,-0.037281,-0.984678,1.34099,1.54214,0.07537,9,Normal,NonDominant
-11.977905,-12.838531,-0.082842,3.394338,0.97648,0.975124,-0.275002,-0.160985,0.254596,-0.12705,-1.080234,1.23662,1.44684,0.13436,10,Normal,NonDominant
-14.821116,-15.538123,-0.158445,5.188804,1.166386,1.122504,-0.456068,-0.258327,0.42399,-0.035106,-0.882422,1.1301,1.31092,0.11934,11,Normal,NonDominant
-18.110405,-18.548462,-0.064723,-1.134761,1.096182,1.042459,-0.230153,-0.118928,0.224619,-0.071836,-1.067962,1.30585,1.31238,0.17696,12,Normal,NonDominant
-3.241634,-4.4388,-0.039467,1.011027,1.044966,1.055919,-0.126178,-0.102351,0.410398,0.008234,1.684139,1.17495,1.26307,0.20748,13,Normal,NonDominant
-7.081503,-7.69392,-0.073999,3.674126,1.245757,1.163085,-0.359069,-0.139862,0.353201,-0.237712,-1.846951,1.25281,1.30919,0.13465,14,Normal,NonDominant
-14.044526,-14.473897,-0.048436,1.72209,1.024926,1.074423,-0.240665,-0.103852,-0.034865,-0.094729,3.81668,1.21068,1.30148,0.09232,15,Normal,NonDominant
-1.916561,-2.550322,-0.075349,-0.504855,1.116157,1.074474,-0.211111,-0.146681,0.157995,-0.301311,0.312051,1.14497,1.33962,0.147,0,Normal,NonDominant
-5.258093,-6.582097,-0.073166,2.1064,1.098656,1.120236,-0.271615,-0.159769,0.299004,-0.312952,2.144006,1.52361,1.53885,0.15397,1,Normal,NonDominant
-6.4376,-6.915573,-0.137231,4.425035,1.090618,1.032725,-0.299912,-0.296803,0.294929,-0.099416,3.387801,1.16167,1.3243,0.09428,2,Normal,NonDominant
2.686414,1.252802,-0.086626,-3.786253,1.053977,1.180371,-0.232837,-0.248322,-0.052652,-0.181857,-2.534651,1.2355,1.3467,0.14463,3,Normal,NonDominant
-10.324859,-10.892275,-0.077227,1.171277,1.143595,1.120149,-0.270856,-0.146135,0.189507,-0.157978,-3.449284,1.16161,1.19646,0.07509,4,Normal,NonDominant
-4.715843,-5.020621,-0.173701,10.083367,0.98281,1.063555,-0.365117,-0.304612,0.03051,-0.319946,-1.194975,0.9394,1.16016,0.16605,5,Normal,NonDominant
-15.457271,-15.728123,-0.089575,6.717124,1.065842,1.126232,-0.240408,-0.165334,0.240905,-0.109039,7.116696,0.9449,1.13388,0.12461,6,Normal,NonDominant
2.46501,3.009907,-0.046374,-0.721621,1.145993,1.118576,-0.192031,-0.135953,0.469563,-0.162735,6.019598,1.46786,1.54859,0.06354,7,Normal,NonDominant
2.228676,0.808716,-0.113395,-1.785828,1.25217,1.190387,-0.350395,-0.335934,0.403514,-0.014982,-3.600657,1.52458,1.47884,0.10235,8,Normal,NonDominant
-23.677063,-23.794092,-0.084884,2.666132,1.108137,1.050039,-0.286118,-0.144579,0.321172,-0.06973,-1.144728,1.26592,1.46213,0.09035,9,Normal,NonDominant
-12.729955,-13.969483,-0.091349,3.294778,0.996449,0.947853,-0.266642,-0.133018,0.26379,-0.090517,-0.664897,1.21175,1.38139,0.13484,10,Normal,NonDominant
-13.389981,-14.27091,-0.14911,5.837938,1.183277,1.141709,-0.469672,-0.249991,0.442351,-0.050244,-0.931227,1.22372,1.37669,0.1324,11,Normal,NonDominant
-19.3365,-19.406322,-0.064517,-0.985018,1.084314,1.040343,-0.273542,-0.135155,0.231291,-0.035317,-2.437972,1.30607,1.28648,0.18471,12,Normal,NonDominant
-2.986441,-3.461185,-0.025265,0.76806,1.164873,1.017717,-0.169967,-0.065945,0.40408,-0.061953,1.105386,1.22437,1.26722,0.19257,13,Normal,NonDominant
-9.106404,-9.865689,-0.061819,3.240546,1.167057,1.166403,-0.314951,-0.135894,0.236935,-0.244454,-2.984393,1.27421,1.31243,0.12247,14,Normal,NonDominant
-13.727491,-14.857007,-0.046746,1.742484,1.022201,1.054317,-0.250153,-0.099202,-0.032719,-0.113309,5.360713,1.23423,1.27743,0.13116,15,Normal,NonDominant
1.225837,0.612853,-0.071502,5.214134,1.288574,1.122213,-0.217109,-0.201285,0.407614,-0.144569,3.871799,1.17616,1.3173,0.02453,0,Crossover,Dominant
-2.073761,-2.156456,-0.062762,2.908073,1.042055,1.04135,-0.261821,-0.131643,0.128294,-0.165423,-1.34946,1.32055,1.4526,0.04461,1,Crossover,Dominant
-5.215368,-5.830037,-0.070384,2.017771,1.051267,1.016752,-0.129679,-0.178813,0.066216,-0.068317,1.576609,1.03395,1.26142,0.03191,2,Crossover,Dominant
-1.645196,-1.890031,-0.041082,-0.404075,0.989966,1.164408,-0.135285,-0.176016,-0.00698,-0.228852,9.104479,1.0664,1.42897,0.01252,3,Crossover,Dominant
0.264566,0.325521,-0.057469,0.845595,1.18628,1.065995,-0.192482,-0.146258,0.226622,-0.181795,4.928022,1.10736,1.19595,0.0214,4,Crossover,Dominant
-1.004592,-1.282657,-0.076773,7.884266,1.026726,1.072192,-0.143447,-0.13852,-0.026569,-0.174226,10.566527,0.68421,1.02175,0.03662,5,Crossover,Dominant
-7.989142,-8.10833,-0.250152,9.459332,1.096853,1.123418,-0.473789,-0.423645,0.104398,-0.122033,-7.876596,0.95248,1.1906,0.01208,6,Crossover,Dominant
1.296189,2.568465,-0.064031,-3.095218,0.950401,1.080389,-0.144316,-0.180692,0.205308,-0.159951,-5.123374,1.15403,1.37907,0.00401,7,Crossover,Dominant
1.296062,0.82484,-0.111734,4.928611,1.203618,1.123398,-0.336005,-0.297533,0.27813,-0.019153,-0.235057,1.36047,1.4489,0.03431,8,Crossover,Dominant
-8.696974,-9.01423,-0.130128,3.434233,1.102797,1.070674,-0.354546,-0.255698,0.110517,-0.210406,1.465683,1.19859,1.42033,0.02658,9,Crossover,Dominant
-9.580103,-9.680417,-0.084304,2.665973,0.974617,0.983897,-0.215095,-0.200801,0.265754,-0.079774,4.572371,1.16642,1.37637,0.09119,10,Crossover,Dominant
-1.388299,-1.70452,-0.118561,0.608968,1.046569,1.031674,-0.260309,-0.209775,0.234993,-0.045734,2.266977,0.93676,1.19437,0.02063,11,Crossover,Dominant
-5.077362,-4.58854,-0.062077,0.335369,0.989586,1.075684,-0.154618,-0.17621,0.017163,-0.048202,4.033011,1.13365,1.28669,0.01648,12,Crossover,Dominant
-5.26137,-3.688989,-0.080005,-0.993378,1.131944,1.023749,-0.231822,-0.22706,0.431407,0.018806,1.5276,1.19273,1.30007,0.02845,13,Crossover,Dominant
-1.459936,-1.251489,-0.068133,4.374407,1.122273,1.163312,-0.282939,-0.173729,0.158098,-0.15531,3.145274,1.24444,1.30666,0.02283,14,Crossover,Dominant
-0.488339,-1.149684,-0.109681,3.386976,1.001435,1.066156,-0.263221,-0.199251,0.003505,-0.044441,-1.563245,1.15744,1.27897,0.06043,15,Crossover,Dominant
5.795363,4.559177,-0.09195,3.746675,1.250654,1.146923,-0.164227,-0.233298,0.318079,-0.124384,5.82223,1.14082,1.33476,0.07573,0,Crossover,Dominant
-0.887602,-0.877659,-0.073891,1.825686,1.08176,1.084785,-0.26195,-0.178518,0.134385,-0.226056,2.302994,1.37583,1.48589,0.06215,1,Crossover,Dominant
-6.048028,-6.42931,-0.059307,1.963641,0.959036,1.026935,-0.130331,-0.152705,0.020567,-0.067749,0.783329,1.06431,1.27717,0.01782,2,Crossover,Dominant
1.440729,1.911703,-0.034883,-0.713703,0.968402,1.102145,-0.113573,-0.172808,-0.034799,-0.280852,8.037426,1.03441,1.34474,0.03033,3,Crossover,Dominant
0.069319,0.609062,-0.040249,1.335039,1.151891,1.075722,-0.197621,-0.136493,0.249355,-0.143676,6.145527,1.18706,1.22267,0.01469,4,Crossover,Dominant
-4.279941,-4.181877,-0.132463,8.126694,1.025203,1.057411,-0.251925,-0.187382,-0.056601,-0.193808,1.062917,0.67439,1.03857,0.0485,5,Crossover,Dominant
-1.173229,-1.34926,-0.235677,9.141445,0.979646,1.119879,-0.402384,-0.435087,0.081647,-0.105572,-6.238674,0.9594,1.15129,0.00504,6,Crossover,Dominant
2.19181,2.864136,-0.0525,-3.33612,1.077426,1.128786,-0.191589,-0.119425,0.211063,-0.095479,-5.198032,1.14442,1.32753,0.00159,7,Crossover,Dominant
3.811196,3.342338,-0.107293,4.233415,1.239037,1.167586,-0.285214,-0.353143,0.329677,-0.083708,1.336352,1.37654,1.47978,0.04114,8,Crossover,Dominant
-3.579426,-3.861429,-0.129314,3.198857,1.129354,1.029617,-0.321967,-0.255135,0.067829,-0.198726,0.900445,1.17006,1.36312,0.0169,9,Crossover,Dominant
-3.709578,-3.75049,-0.122127,1.862844,0.965312,0.939847,-0.196894,-0.248886,0.166274,-0.117932,3.655116,0.94097,1.30794,0.04909,10,Crossover,Dominant
-0.194538,-0.343961,-0.122776,0.128127,1.059018,1.065393,-0.276295,-0.25499,0.236799,-0.105503,3.329002,0.96867,1.21084,0.015,11,Crossover,Dominant
-6.038384,-6.40917,-0.05508,0.3796,1.013588,0.986587,-0.155273,-0.075306,0.003615,-0.051964,0.922394,1.09476,1.24803,0.01933,12,Crossover,Dominant
-1.357218,-0.641702,-0.079281,-1.196118,1.113808,1.093356,-0.210753,-0.246711,0.409606,0.01414,0.52047,1.14178,1.25596,0.03562,13,Crossover,Dominant
-3.796844,-3.827546,-0.065685,4.71588,1.099172,1.195624,-0.266747,-0.198584,0.129561,-0.199714,4.754356,1.23344,1.28277,0.02552,14,Crossover,Dominant
0.84914,0.806772,-0.090868,3.981504,1.038622,1.08267,-0.245543,-0.197175,0.008869,-0.042385,-0.69927,1.08381,1.20844,0.0374,15,Crossover,Dominant
-2.230212,-2.760356,-0.067958,4.635671,1.25097,1.13943,-0.238839,-0.154273,0.221664,-0.208087,2.837231,1.23695,1.37302,0.01111,0,Crossover,Dominant
0.930472,0.854642,-0.068747,1.615999,1.087098,1.100436,-0.265959,-0.191985,0.117926,-0.271968,-1.826773,1.35601,1.45093,0.06069,1,Crossover,Dominant
-3.144612,-3.583122,-0.078267,1.896032,0.964914,1.000387,-0.131822,-0.194058,0.032668,-0.099629,0.346633,1.00917,1.25137,0.02581,2,Crossover,Dominant
1.502416,1.02996,-0.04504,-0.445167,1.062546,1.153819,-0.180942,-0.175616,-0.020478,-0.237072,6.0642,0.98831,1.3441,0.02199,3,Crossover,Dominant
-3.562708,-3.562705,-0.055269,1.803204,1.136181,1.130734,-0.195865,-0.164727,0.180103,-0.168197,4.231677,1.1617,1.21978,0.02985,4,Crossover,Dominant
1.584229,1.384842,-0.132397,7.51117,1.016303,1.061167,-0.195646,-0.219468,-0.037471,-0.163721,4.515248,0.6898,1.06,0.04334,5,Crossover,Dominant
-6.321718,-6.949251,-0.235867,9.362291,1.143889,1.114326,-0.458943,-0.396889,0.242606,-0.098998,-6.68295,0.93884,1.15947,0.0089,6,Crossover,Dominant
1.783242,2.859977,-0.045592,-3.233456,1.086328,1.11961,-0.164972,-0.121669,0.274851,-0.121445,-1.131891,1.17319,1.38437,0.00579,7,Crossover,Dominant
4.572169,4.275374,-0.122105,4.007426,1.179487,1.135966,-0.303561,-0.320238,0.263824,-0.067016,2.814901,1.23779,1.44821,0.04432,8,Crossover,Dominant
-1.56902,-2.079396,-0.132176,2.74308,1.143734,1.083411,-0.291574,-0.287518,0.077302,-0.17122,1.624667,1.18931,1.39149,0.04513,9,Crossover,Dominant
-1.694927,-1.549939,-0.094377,2.289268,0.912179,0.930768,-0.153794,-0.217747,0.199181,-0.060862,6.365034,0.96556,1.26971,0.05431,10,Crossover,Dominant
-1.340186,-1.6117,-0.116732,1.002494,1.02413,1.055472,-0.233232,-0.234189,0.214563,-0.071129,5.084192,0.87421,1.16707,0.02035,11,Crossover,Dominant
-6.236655,-5.954783,-0.065081,0.063084,1.051374,1.099857,-0.20479,-0.145956,0.080069,-0.046224,2.02485,1.26121,1.33688,0.02538,12,Crossover,Dominant
-0.730128,-0.010779,-0.079141,-1.472562,1.152964,1.044766,-0.227475,-0.210743,0.451639,0.070815,-1.046728,1.16726,1.26064,0.03686,13,Crossover,Dominant
-3.872901,-3.653839,-0.078601,4.498059,1.279007,1.178334,-0.382762,-0.219879,0.27542,-0.238181,3.704139,1.29524,1.34057,0.02825,14,Crossover,Dominant
-3.877635,-4.285256,-0.09441,3.521058,0.959611,1.05714,-0.25349,-0.181167,0.002626,-0.06354,-1.815554,1.12841,1.25253,0.01266,15,Crossover,Dominant
3.88824,2.601059,-0.093154,4.023534,1.242901,1.088493,-0.215255,-0.251409,0.283902,-0.17302,4.332088,1.15176,1.30148,0.05286,0,Crossover,Dominant
-1.791317,-3.169892,-0.08306,2.224189,1.135939,1.045698,-0.319817,-0.195387,0.156078,-0.269868,-4.679648,1.40076,1.44278,0.06034,1,Crossover,Dominant
-2.591039,-2.978919,-0.091344,2.174626,1.015801,1.014695,-0.163294,-0.226868,0.095804,-0.053687,-0.470444,1.00105,1.26132,0.01028,2,Crossover,Dominant
1.490038,1.14285,-0.09292,-0.38829,1.024871,1.050991,-0.190478,-0.182459,0.000806,-0.270945,-1.186228,0.84065,1.303,0.03268,3,Crossover,Dominant
-4.637726,-4.198024,-0.04626,1.864311,1.08021,1.075471,-0.186522,-0.116752,0.207232,-0.112517,6.669615,1.11524,1.22676,0.02063,4,Crossover,Dominant
0.061316,-2.032475,-0.248405,7.660935,0.989615,1.076358,-0.373383,-0.213432,0.765228,-0.19391,5.005265,0.64098,1.00848,0.05625,5,Crossover,Dominant
-3.311866,-3.57786,-0.239003,9.246242,0.994185,1.06677,-0.412378,-0.41252,-0.024923,-0.108361,-6.618501,0.93805,1.17256,0.02604,6,Crossover,Dominant
3.878345,4.64993,-0.040034,-3.6752,1.052446,1.090254,-0.146871,-0.093879,0.242332,-0.131048,-2.917316,1.17597,1.32885,0.01651,7,Crossover,Dominant
4.315268,4.050375,-0.11808,4.709458,1.2404,1.083076,-0.337103,-0.288658,0.242599,-0.072606,3.819564,1.25471,1.47429,0.0475,8,Crossover,Dominant
-2.050324,-2.093369,-0.119306,2.86385,1.077267,1.088837,-0.319828,-0.262914,0.138155,-0.159068,1.679672,1.27756,1.48836,0.03782,9,Crossover,Dominant
1.650855,1.594075,-0.102255,1.362309,0.88871,0.93289,-0.128584,-0.235583,0.170017,-0.077102,5.345318,0.96908,1.31795,0.03773,10,Crossover,Dominant
-0.12762,-0.16733,-0.123364,0.514209,1.044528,1.047186,-0.260378,-0.252649,0.211278,-0.081336,2.623165,0.93874,1.20628,0.0112,11,Crossover,Dominant
-7.403554,-6.973717,-0.06714,0.644804,1.056056,1.118239,-0.233669,-0.170358,0.111266,-0.086285,1.892526,1.22715,1.30692,0.02772,12,Crossover,Dominant
-0.157706,-0.229772,-0.096153,-1.239313,1.164419,1.107932,-0.230366,-0.282724,0.513045,-0.006764,-3.081775,1.19366,1.26528,0.04319,13,Crossover,Dominant
-1.769653,-1.305138,-0.067339,3.204529,1.222154,1.243554,-0.364653,-0.197991,0.262778,-0.281128,4.086339,1.26962,1.3331,0.01694,14,Crossover,Dominant
0.519681,0.307009,-0.070817,3.360246,0.96395,1.066347,-0.186459,-0.176008,-0.015999,-0.060632,0.820048,1.1204,1.22124,0.01557,15,Crossover,Dominant
0.801205,0.499252,-0.07256,4.381816,1.147691,1.125004,-0.170389,-0.174828,0.209039,-0.176352,6.250323,1.18481,1.33883,0.03673,0,Crossover,Dominant
-3.793132,-4.145537,-0.080398,1.795483,1.156058,1.112433,-0.299104,-0.182305,0.191376,-0.246506,-1.463652,1.39412,1.44989,0.04888,1,Crossover,Dominant
-3.531393,-3.965344,-0.069935,1.946744,0.973295,1.01358,-0.148469,-0.191531,0.065977,-0.096071,-1.336471,1.05334,1.26401,0.00382,2,Crossover,Dominant
-0.677336,-0.644771,-0.0322,-0.282428,1.049785,1.129989,-0.128612,-0.230552,-0.031495,-0.30677,9.221348,0.95408,1.31663,0.02806,3,Crossover,Dominant
-3.275192,-2.842742,-0.045167,1.104649,1.178254,1.075717,-0.189694,-0.121017,0.208866,-0.166345,7.165156,1.16353,1.24498,0.01603,4,Crossover,Dominant
-6.944515,-6.842648,-0.115967,8.002486,1.039785,1.061148,-0.254588,-0.147666,0.14886,-0.207734,5.244476,0.66992,1.03838,0.04007,5,Crossover,Dominant
-7.154118,-7.39678,-0.201635,9.481408,0.994609,1.092856,-0.426195,-0.354535,-0.048651,-0.145266,-3.59484,0.9388,1.14064,0.01423,6,Crossover,Dominant
0.368729,1.311204,-0.055658,-3.179428,1.044153,1.129014,-0.161099,-0.136598,0.232544,-0.136462,-4.597144,1.17703,1.37713,0.0052,7,Crossover,Dominant
4.160202,3.827885,-0.135605,4.220845,1.226501,1.117258,-0.32145,-0.297421,0.271978,-0.004311,0.441289,1.21085,1.4167,0.03509,8,Crossover,Dominant
-1.331425,-1.40395,-0.116177,3.162711,1.087537,1.102075,-0.300732,-0.251634,0.189483,-0.115132,2.578044,1.26905,1.49114,0.02678,9,Crossover,Dominant
-3.911237,-3.715553,-0.091571,2.629702,0.840212,0.934445,-0.129541,-0.193037,0.159004,-0.042801,5.048212,0.95985,1.291,0.07314,10,Crossover,Dominant
-0.574293,-0.889167,-0.128523,0.752489,1.048957,1.054793,-0.276109,-0.248993,0.255086,-0.123189,0.583332,0.94543,1.21961,0.01475,11,Crossover,Dominant
-7.498217,-7.217469,-0.104047,0.079944,1.133892,1.054417,-0.353828,-0.189661,0.124226,-0.040081,-2.796222,1.27613,1.3527,0.02032,12,Crossover,Dominant
-3.338592,-3.220736,-0.084119,-1.747653,1.15326,1.067377,-0.225648,-0.214023,0.486038,0.016366,-1.607427,1.211,1.28971,0.05443,13,Crossover,Dominant
-8.597424,-8.449051,-0.055356,6.61642,1.183343,1.205485,-0.305464,-0.144901,0.175421,-0.199432,4.320437,1.28018,1.31218,0.02538,14,Crossover,Dominant
-3.359997,-3.730843,-0.088052,3.311837,1.037667,1.102216,-0.257762,-0.177221,0.013942,-0.0346,0.13582,1.15702,1.22644,0.00649,15,Crossover,Dominant
3.618342,3.46712,-0.086303,-0.562957,1.103964,1.005533,-0.197051,-0.203775,0.025326,-0.252109,0.077668,1.17616,1.3173,0.02453,0,Crossover,NonDominant
3.194453,2.9705,-0.09853,2.000102,0.998575,1.074294,-0.229578,-0.28771,0.099662,-0.210475,8.340776,1.32055,1.4526,0.04461,1,Crossover,NonDominant
-0.79993,-0.745353,-0.151092,3.276257,0.994011,0.983578,-0.263503,-0.335217,-0.001194,-0.120195,4.85831,1.03395,1.26142,0.03191,2,Crossover,NonDominant
4.677371,4.603862,-0.131547,-3.243212,0.974816,1.047134,-0.188459,-0.431976,-0.037036,-0.313248,3.394702,1.0664,1.42897,0.01252,3,Crossover,NonDominant
2.303303,2.381625,-0.095829,0.283847,1.076155,1.074987,-0.220415,-0.258766,0.124762,-0.216064,-4.221642,1.10736,1.19595,0.0214,4,Crossover,NonDominant
1.040256,0.598815,-0.242402,9.925069,1.014639,1.109589,-0.317153,-0.46485,-0.058897,-0.440957,-1.311952,0.68421,1.02175,0.03662,5,Crossover,NonDominant
-10.383735,-10.785613,-0.11031,7.251101,1.01547,1.132769,-0.243722,-0.19801,0.158769,-0.068151,7.562266,0.95248,1.1906,0.01208,6,Crossover,NonDominant
4.030828,4.653067,-0.07042,0.41805,1.060038,1.093117,-0.162988,-0.186965,0.268786,-0.227479,4.476516,1.15403,1.37907,0.00401,7,Crossover,NonDominant
0.756812,0.237696,-0.127357,-1.477107,1.122729,1.159629,-0.304817,-0.348429,0.156177,0.01439,1.250557,1.36047,1.4489,0.03431,8,Crossover,NonDominant
-4.164144,-4.656499,-0.13181,3.920828,1.125838,1.062068,-0.296194,-0.261264,0.282159,-0.026523,-0.100385,1.19859,1.42033,0.02658,9,Crossover,NonDominant
-2.449834,-2.579282,-0.099224,3.332617,0.989047,0.971918,-0.246174,-0.260783,0.190353,-0.149994,0.702563,1.16642,1.37637,0.09119,10,Crossover,NonDominant
-4.348441,-5.010549,-0.168009,4.858062,1.078122,1.04802,-0.375954,-0.294364,0.310938,-0.051726,0.346049,0.93676,1.19437,0.02063,11,Crossover,NonDominant
-5.327896,-5.29993,-0.118916,-0.787722,1.046775,1.042405,-0.279814,-0.199433,0.03925,-0.085471,0.488249,1.13365,1.28669,0.01648,12,Crossover,NonDominant
2.814789,2.630847,-0.066324,1.633859,1.068041,1.051687,-0.189695,-0.18224,0.404665,-0.030253,-0.123294,1.19273,1.30007,0.02845,13,Crossover,NonDominant
1.337544,1.82931,-0.085483,3.70493,1.093963,1.137009,-0.342888,-0.276883,0.166596,-0.190231,-1.940565,1.24444,1.30666,0.02283,14,Crossover,NonDominant
-2.555009,-2.424052,-0.058874,1.703827,0.934477,1.060936,-0.180025,-0.20585,-0.109604,-0.155616,4.67466,1.15744,1.27897,0.06043,15,Crossover,NonDominant
7.525205,7.004199,-0.108154,-0.713173,1.154868,1.002882,-0.249592,-0.259596,0.106299,-0.293879,-1.467546,1.14082,1.33476,0.07573,0,Crossover,NonDominant
-0.096157,-1.017272,-0.113364,2.976232,0.961918,1.064218,-0.263761,-0.280335,0.13436,-0.24716,1.86863,1.37583,1.48589,0.06215,1,Crossover,NonDominant
-2.362231,-2.810079,-0.151555,3.209205,0.985343,0.987296,-0.280284,-0.338768,-0.041744,-0.155921,3.625056,1.06431,1.27717,0.01782,2,Crossover,NonDominant
3.19712,2.5642,-0.118736,-3.177269,1.009483,1.096935,-0.202786,-0.294407,-0.044629,-0.243814,-1.813716,1.03441,1.34474,0.03033,3,Crossover,NonDominant
2.225704,1.977921,-0.090246,0.232625,1.173378,1.057784,-0.275618,-0.238163,0.16938,-0.211488,-5.048414,1.18706,1.22267,0.01469,4,Crossover,NonDominant
-0.340178,-0.544365,-0.264685,9.959327,1.013129,1.134731,-0.338218,-0.395288,-0.049974,-0.456677,4.078904,0.67439,1.03857,0.0485,5,Crossover,NonDominant
-5.995475,-5.903572,-0.108673,6.740713,1.010389,1.099706,-0.219484,-0.232438,0.094044,-0.074305,6.520388,0.9594,1.15129,0.00504,6,Crossover,NonDominant
3.48558,4.062927,-0.079112,0.263752,1.052048,1.129178,-0.182615,-0.179879,0.259896,-0.231998,1.149798,1.14442,1.32753,0.00159,7,Crossover,NonDominant
3.866196,2.65522,-0.129086,-0.855146,1.243583,1.17857,-0.318284,-0.408423,0.293042,-0.003961,4.213772,1.37654,1.47978,0.04114,8,Crossover,NonDominant
-11.421649,-11.378175,-0.108671,2.914382,1.053167,1.067542,-0.236863,-0.22238,0.219008,-0.033444,1.826427,1.17006,1.36312,0.0169,9,Crossover,NonDominant
-0.893723,-0.845208,-0.119194,3.145944,0.879443,0.912878,-0.194801,-0.211127,0.049341,-0.121585,0.813727,0.94097,1.30794,0.04909,10,Crossover,NonDominant
-3.655622,-4.18827,-0.155192,4.687721,1.045639,1.057974,-0.367178,-0.279321,0.243933,-0.032591,-0.257443,0.96867,1.21084,0.015,11,Crossover,NonDominant
-10.454655,-10.427523,-0.106814,-1.209795,1.041245,1.063516,-0.262347,-0.172211,0.06692,-0.046258,1.03805,1.09476,1.24803,0.01933,12,Crossover,NonDominant
3.555777,3.566967,-0.088713,1.715456,1.145961,1.080753,-0.197897,-0.245039,0.426477,-0.017454,-0.137806,1.14178,1.25596,0.03562,13,Crossover,NonDominant
0.570785,0.773198,-0.083349,3.712782,1.039099,1.182441,-0.29459,-0.26349,0.137999,-0.132329,-1.159716,1.23344,1.28277,0.02552,14,Crossover,NonDominant
-4.900277,-5.385763,-0.055235,2.162605,0.929543,1.077553,-0.14993,-0.22649,-0.124237,-0.147809,9.898212,1.08381,1.20844,0.0374,15,Crossover,NonDominant
6.775397,7.117826,-0.097452,-0.266358,1.079247,0.987006,-0.277584,-0.193934,0.082068,-0.252599,-2.011265,1.23695,1.37302,0.01111,0,Crossover,NonDominant
1.146102,0.442887,-0.096163,2.134,1.011338,1.095981,-0.245633,-0.261883,0.098154,-0.280754,4.225455,1.35601,1.45093,0.06069,1,Crossover,NonDominant
-1.193525,-1.709956,-0.15302,2.726532,1.020267,0.999263,-0.271163,-0.322349,-0.053563,-0.161469,3.197378,1.00917,1.25137,0.02581,2,Crossover,NonDominant
2.207349,1.888115,-0.12644,-2.678733,1.036738,1.075405,-0.220007,-0.292145,-0.065974,-0.225994,-0.338141,0.98831,1.3441,0.02199,3,Crossover,NonDominant
2.546727,2.415972,-0.094113,0.250777,1.164051,1.103976,-0.254559,-0.256323,0.170476,-0.168429,-3.297098,1.1617,1.21978,0.02985,4,Crossover,NonDominant
-3.48233,-3.983777,-0.372877,11.111151,1.007349,1.123957,-0.377797,-0.549185,-0.051518,-0.400554,-1.339377,0.6898,1.06,0.04334,5,Crossover,NonDominant
-8.466793,-8.460541,-0.105198,7.107512,1.00079,1.059002,-0.218877,-0.224712,0.113193,-0.081197,7.18729,0.93884,1.15947,0.0089,6,Crossover,NonDominant
4.002623,4.274507,-0.083529,0.615103,1.019753,1.149386,-0.137685,-0.208597,0.256531,-0.259526,2.915148,1.17319,1.38437,0.00579,7,Crossover,NonDominant
-0.517413,-1.578536,-0.15748,-0.784085,1.002002,1.141844,-0.308765,-0.349246,0.146006,0.023633,-4.109671,1.23779,1.44821,0.04432,8,Crossover,NonDominant
-3.962861,-4.081467,-0.132212,2.921049,1.116665,1.108597,-0.264567,-0.290015,0.26937,-0.003145,2.860567,1.18931,1.39149,0.04513,9,Crossover,NonDominant
-6.03453,-6.472629,-0.137234,3.522408,0.929864,0.937621,-0.235649,-0.231416,0.129492,-0.12726,-0.843816,0.96556,1.26971,0.05431,10,Crossover,NonDominant
-4.252724,-4.813615,-0.194593,5.022171,1.049152,1.051708,-0.376666,-0.334762,0.272094,-0.022072,-0.176065,0.87421,1.16707,0.02035,11,Crossover,NonDominant
-8.635909,-8.517879,-0.104255,-1.093231,1.042801,1.124321,-0.24853,-0.234158,0.105197,-0.056614,0.508843,1.26121,1.33688,0.02538,12,Crossover,NonDominant
2.592784,2.566312,-0.050552,1.209455,1.207657,1.078846,-0.197153,-0.154275,0.42577,0.016089,3.302863,1.16726,1.26064,0.03686,13,Crossover,NonDominant
2.673336,2.717759,-0.078276,3.875311,1.130143,1.140993,-0.33125,-0.225398,0.239484,-0.1411,1.337437,1.29524,1.34057,0.02825,14,Crossover,NonDominant
-2.995017,-2.762031,-0.063189,1.970478,0.972706,1.040186,-0.186543,-0.183282,-0.164069,-0.116911,5.285105,1.12841,1.25253,0.01266,15,Crossover,NonDominant
8.87324,8.678228,-0.117825,-0.730476,1.127758,1.046122,-0.28441,-0.276667,0.071941,-0.32047,-1.134001,1.15176,1.30148,0.05286,0,Crossover,NonDominant
2.035522,1.949717,-0.07787,1.852882,1.065997,1.033228,-0.234106,-0.202914,0.102924,-0.21155,5.041219,1.40076,1.44278,0.06034,1,Crossover,NonDominant
-0.092539,-0.42131,-0.162234,2.941227,1.009315,0.994801,-0.289054,-0.322672,-0.006118,-0.117051,2.690719,1.00105,1.26132,0.01028,2,Crossover,NonDominant
2.2839,1.531909,-0.135413,-3.138631,1.049965,1.019478,-0.239107,-0.208779,0.026899,-0.244879,-2.519324,0.84065,1.303,0.03268,3,Crossover,NonDominant
0.097041,-0.215217,-0.111579,0.516442,1.150071,1.096306,-0.302375,-0.237497,0.183621,-0.186303,-6.781265,1.11524,1.22676,0.02063,4,Crossover,NonDominant
-1.301781,-1.474428,-0.243359,10.526259,1.040691,1.054054,-0.350135,-0.379037,-0.030195,-0.282986,3.107627,0.64098,1.00848,0.05625,5,Crossover,NonDominant
-9.776931,-9.969136,-0.134359,7.199996,1.047063,1.160522,-0.321069,-0.210488,0.135633,-0.036979,4.187274,0.93805,1.17256,0.02604,6,Crossover,NonDominant
6.358851,6.535279,-0.084447,0.308242,1.078355,1.071275,-0.180922,-0.190534,0.23047,-0.229833,2.604168,1.17597,1.32885,0.01651,7,Crossover,NonDominant
3.364012,1.939308,-0.145309,-0.670094,1.160876,1.09745,-0.33208,-0.368912,0.295652,-0.020154,-0.675253,1.25471,1.47429,0.0475,8,Crossover,NonDominant
-5.781818,-5.716535,-0.123675,1.995065,1.092822,1.100332,-0.277978,-0.282783,0.268489,-0.058892,0.548384,1.27756,1.48836,0.03782,9,Crossover,NonDominant
-3.499422,-3.664586,-0.139773,3.612159,0.875043,0.947569,-0.230719,-0.248019,0.064255,-0.171489,-1.732144,0.96908,1.31795,0.03773,10,Crossover,NonDominant
-4.168331,-4.91776,-0.177657,4.760252,1.076347,1.035173,-0.384364,-0.288908,0.268513,-0.056592,-0.785196,0.93874,1.20628,0.0112,11,Crossover,NonDominant
-4.800808,-4.442068,-0.101361,-1.224558,1.114549,1.069807,-0.266204,-0.232944,0.180064,-0.07335,1.517498,1.22715,1.30692,0.02772,12,Crossover,NonDominant
4.447009,4.675618,-0.043319,1.061526,1.150244,1.064323,-0.154319,-0.174444,0.404406,-0.001597,4.772233,1.19366,1.26528,0.04319,13,Crossover,NonDominant
-0.3901,0.053499,-0.072349,4.322353,1.080549,1.079728,-0.303415,-0.235034,0.173994,-0.093571,-0.091305,1.26962,1.3331,0.01694,14,Crossover,NonDominant
4.098907,3.577466,-0.07147,1.67462,0.965293,1.100052,-0.148016,-0.278189,-0.067112,-0.137239,8.663788,1.1204,1.22124,0.01557,15,Crossover,NonDominant
5.11773,4.790467,-0.110084,-0.736094,1.097725,1.014073,-0.261537,-0.256637,0.094588,-0.306153,-2.875207,1.18481,1.33883,0.03673,0,Crossover,NonDominant
2.080578,1.312371,-0.09785,1.923637,1.140623,1.04417,-0.245339,-0.27156,0.158173,-0.260869,1.719655,1.39412,1.44989,0.04888,1,Crossover,NonDominant
-2.583596,-2.7622,-0.136376,2.836585,0.959048,0.957292,-0.296586,-0.252993,0.01752,-0.114954,3.423626,1.05334,1.26401,0.00382,2,Crossover,NonDominant
4.216199,4.054461,-0.100902,-3.61115,1.018034,1.110258,-0.145337,-0.303226,-0.037282,-0.227586,4.102651,0.95408,1.31663,0.02806,3,Crossover,NonDominant
1.057703,0.842481,-0.101711,0.252285,1.136984,1.08795,-0.273265,-0.253051,0.197248,-0.128291,-4.968287,1.16353,1.24498,0.01603,4,Crossover,NonDominant
0.717625,1.161067,-0.227396,9.815682,1.039087,1.06034,-0.418691,-0.330428,-0.016751,-0.223382,0.338712,0.66992,1.03838,0.04007,5,Crossover,NonDominant
-9.491631,-9.229073,-0.12237,6.837128,1.040622,1.085595,-0.295747,-0.209715,0.143779,-0.054356,3.949817,0.9388,1.14064,0.01423,6,Crossover,NonDominant
5.358616,6.152009,-0.065495,-0.176751,1.00472,1.11457,-0.165906,-0.177689,0.169555,-0.182934,2.889644,1.17703,1.37713,0.0052,7,Crossover,NonDominant
4.474627,4.027575,-0.166867,-1.108621,1.196371,1.089571,-0.391331,-0.37901,0.180031,-0.004402,-1.798099,1.21085,1.4167,0.03509,8,Crossover,NonDominant
-6.861147,-6.56126,-0.128113,2.163174,1.112977,1.104209,-0.316327,-0.26652,0.305,-0.057326,1.45102,1.26905,1.49114,0.02678,9,Crossover,NonDominant
-1.732756,-2.026937,-0.138929,3.445312,0.952836,0.927399,-0.238411,-0.235864,0.120679,-0.137173,-1.028823,0.95985,1.291,0.07314,10,Crossover,NonDominant
-3.978208,-4.688545,-0.164635,5.008038,1.055996,1.046819,-0.383392,-0.27823,0.264997,-0.063859,1.393638,0.94543,1.21961,0.01475,11,Crossover,NonDominant
-4.864239,-4.777998,-0.082726,-0.837623,1.115912,1.028386,-0.246984,-0.17216,0.132052,-0.093476,4.052313,1.27613,1.3527,0.02032,12,Crossover,NonDominant
3.62767,3.482133,-0.054016,1.181063,1.214943,1.081291,-0.190053,-0.177962,0.441366,-0.002953,1.970564,1.211,1.28971,0.05443,13,Crossover,NonDominant
2.013609,2.196672,-0.076866,3.227629,1.128934,1.229743,-0.330451,-0.272861,0.168618,-0.174008,-2.118607,1.28018,1.31218,0.02538,14,Crossover,NonDominant
-5.24206,-4.706764,-0.078205,2.872329,1.007201,1.110376,-0.253013,-0.237613,-0.112145,-0.086851,-0.331683,1.15702,1.22644,0.00649,15,Crossover,NonDominant
-1.641824,-2.147539,-0.060379,4.112593,1.20016,1.102955,-0.208934,-0.133733,0.276951,-0.222398,2.5682,1.14669,1.24989,0.09936,0,Narrow,Dominant
-4.316038,-4.356158,-0.06522,3.942138,1.050539,1.113299,-0.272808,-0.135003,0.052265,-0.164989,-1.564444,1.33162,1.30499,0.09877,1,Narrow,Dominant
-1.254704,-1.930884,-0.047785,0.627738,1.014886,1.03096,-0.107641,-0.141464,0.164054,-0.037221,2.146345,1.04509,1.22275,0.08361,2,Narrow,Dominant
0.542986,-0.28274,-0.033493,-0.574347,1.045806,1.056481,-0.149011,-0.050296,-0.066787,-0.24395,4.752409,0.89471,1.26154,0.11898,3,Narrow,Dominant
-5.865296,-6.030913,-0.045458,1.609808,1.078825,1.126549,-0.148949,-0.122909,0.208255,-0.126569,4.155252,1.14121,1.19827,0.07736,4,Narrow,Dominant
-0.915456,-3.832691,-0.20681,7.211911,1.047162,1.129757,-0.26237,-0.216642,0.090647,-0.275874,0.611755,0.66053,0.97319,0.13236,5,Narrow,Dominant
-4.78289,-5.43752,-0.161866,8.625375,1.015945,1.084745,-0.336048,-0.317726,0.174645,-0.185331,-4.496518,0.9366,1.05524,0.09896,6,Narrow,Dominant
-2.281858,-1.648584,-0.058632,-4.057576,1.095293,1.0824,-0.207548,-0.106299,0.202458,-0.189221,-0.806768,1.29195,1.37593,0.07742,7,Narrow,Dominant
-3.72219,-3.233966,-0.113253,5.119038,1.160985,1.088874,-0.350784,-0.238294,0.226435,-0.092876,2.450155,1.24518,1.39461,0.09474,8,Narrow,Dominant
-7.179261,-7.35515,-0.10015,3.04482,1.124899,1.097739,-0.336531,-0.221899,0.172177,-0.159766,3.297647,1.20311,1.45576,0.04903,9,Narrow,Dominant
-7.907768,-8.117358,-0.071983,2.476332,0.877233,0.897357,-0.141042,-0.121155,0.169625,-0.087039,1.30835,0.87311,1.16997,0.12755,10,Narrow,Dominant
-1.96475,-2.703241,-0.105156,0.16784,1.027077,1.053571,-0.236541,-0.204713,0.27827,-0.073823,2.835546,0.96359,1.19486,0.1168,11,Narrow,Dominant
-10.705578,-10.640941,-0.063606,1.423209,1.085285,1.058262,-0.246171,-0.124459,0.164581,-0.02995,0.287465,1.20993,1.25228,0.12503,12,Narrow,Dominant
-1.792944,-1.671072,-0.067362,-2.019486,1.028625,1.093535,-0.139165,-0.190075,0.420607,0.074125,0.352555,1.16159,1.25451,0.10608,13,Narrow,Dominant
-4.710051,-5.011344,-0.060164,1.343335,1.062466,1.148623,-0.220521,-0.084439,0.184755,-0.205917,1.726038,1.06465,1.14983,0.11272,14,Narrow,Dominant
-3.506036,-4.111699,-0.07473,3.856843,0.94605,1.094601,-0.213651,-0.121057,-0.058241,-0.128118,-2.289418,1.1612,1.28894,0.12303,15,Narrow,Dominant
-0.873146,-1.763481,-0.070288,4.565241,1.236925,1.069893,-0.199699,-0.170737,0.311686,-0.136356,4.2672,1.1485,1.30929,0.08807,0,Narrow,Dominant
-1.163914,-1.617128,-0.074302,4.072915,1.197835,1.088967,-0.29592,-0.181547,0.111646,-0.138636,-1.261602,1.29448,1.2427,0.10938,1,Narrow,Dominant
-5.563962,-6.047638,-0.055441,0.90284,1.04559,1.027403,-0.143123,-0.132233,0.254277,-0.028195,0.735007,1.04376,1.23163,0.07698,2,Narrow,Dominant
0.195796,-0.516636,-0.03324,-1.068188,0.987355,1.097939,-0.111038,-0.072887,-0.007124,-0.262146,7.804237,0.83754,1.25631,0.11804,3,Narrow,Dominant
-4.684925,-4.791758,-0.051147,1.681412,1.165012,1.136945,-0.178003,-0.112348,0.278877,-0.080059,6.454986,1.10062,1.16666,0.07523,4,Narrow,Dominant
-3.5453,-4.177456,-0.123454,7.662783,1.018891,1.082047,-0.224559,-0.22962,0.12801,-0.08885,1.155579,0.77678,1.07714,0.16143,5,Narrow,Dominant
-7.908185,-8.300793,-0.163753,8.743674,1.113519,1.060764,-0.426602,-0.288888,0.179248,-0.179249,-3.82397,0.93428,0.98722,0.08943,6,Narrow,Dominant
-1.118716,-1.090946,-0.07776,-3.313505,1.178487,1.157748,-0.262096,-0.145759,0.289786,-0.199383,-4.925505,1.33056,1.52127,0.04512,7,Narrow,Dominant
-0.406508,-1.073883,-0.107163,4.874993,1.204796,1.152883,-0.30937,-0.245373,0.322137,-0.104585,4.349135,1.26579,1.443,0.10225,8,Narrow,Dominant
-6.648063,-8.898534,-0.1221,3.348121,1.091372,1.079865,-0.319092,-0.266772,0.058965,-0.190713,2.948789,1.1863,1.42356,0.02561,9,Narrow,Dominant
-5.684514,-5.921243,-0.092018,2.398014,0.870122,0.945926,-0.155483,-0.160654,0.178702,-0.065628,4.079293,0.90515,1.21742,0.11916,10,Narrow,Dominant
-1.219916,-1.7372,-0.085915,0.530567,1.015495,1.010907,-0.201995,-0.154756,0.255237,-0.008181,4.731344,0.84258,1.05744,0.10135,11,Narrow,Dominant
-10.39727,-9.904744,-0.071752,1.645145,1.129759,1.016129,-0.272825,-0.112514,0.250908,0.006775,1.500758,1.26676,1.24143,0.10445,12,Narrow,Dominant
-2.381669,-2.326228,-0.092126,-1.315297,1.078025,1.120113,-0.206166,-0.200059,0.384692,0.014661,-4.06913,1.14019,1.23141,0.09282,13,Narrow,Dominant
-6.368521,-6.852029,-0.04689,2.510203,1.046406,1.172003,-0.198075,-0.097646,0.167709,-0.195328,2.403802,1.10092,1.17248,0.11253,14,Narrow,Dominant
-4.698939,-5.288672,-0.076805,4.000572,0.967105,1.042153,-0.243304,-0.095176,-0.030602,-0.144683,-3.751827,1.07075,1.22065,0.10963,15,Narrow,Dominant
-1.014115,-1.64106,-0.069211,4.467885,1.270616,1.118429,-0.219013,-0.177319,0.362873,-0.143442,4.073493,1.18717,1.32963,0.08379,0,Narrow,Dominant
-4.627234,-5.538789,-0.054923,3.016037,1.128542,1.133857,-0.254443,-0.117013,0.151182,-0.196492,-0.665923,1.32301,1.27009,0.11502,1,Narrow,Dominant
0.094219,-0.545867,-0.054728,0.827467,1.043409,1.039215,-0.110443,-0.166087,0.278332,-0.040359,2.465744,1.07266,1.22283,0.09612,2,Narrow,Dominant
0.68547,0.673872,-0.023341,-0.837672,1.012954,1.034827,-0.183418,-0.052758,-0.030918,-0.31297,3.18425,0.85545,1.29173,0.10462,3,Narrow,Dominant
-4.305106,-4.227814,-0.05035,1.627572,1.137623,1.095204,-0.181768,-0.132646,0.293588,-0.102934,4.624295,1.16885,1.21561,0.07433,4,Narrow,Dominant
-3.732845,-4.006729,-0.133563,7.807751,1.005861,1.078721,-0.272889,-0.177442,0.02613,-0.181011,-2.676961,0.80401,1.12964,0.12441,5,Narrow,Dominant
-8.487473,-8.776188,-0.161968,8.614938,1.035456,1.070768,-0.354681,-0.265457,0.07416,-0.205644,-4.76289,0.92601,1.06182,0.08946,6,Narrow,Dominant
-1.405877,-1.262225,-0.069353,-3.494515,1.051073,1.162436,-0.205145,-0.161851,0.298221,-0.112235,-3.900691,1.28681,1.44123,0.06958,7,Narrow,Dominant
0.613685,-0.053166,-0.104855,3.993754,1.208128,1.111281,-0.291882,-0.253684,0.268747,-0.109045,4.494358,1.25431,1.42364,0.10213,8,Narrow,Dominant
12.153403,11.737693,-0.132907,2.488778,1.108223,1.024358,-0.284982,-0.23008,0.029358,-0.204584,3.719677,1.05071,1.37118,0.11249,9,Narrow,Dominant
-3.90135,-4.074769,-0.080552,1.717661,0.874121,0.979335,-0.111599,-0.198343,0.152799,-0.119474,4.219652,0.90373,1.19744,0.10462,10,Narrow,Dominant
-5.119891,-5.540025,-0.101068,0.354452,1.026722,1.005652,-0.228274,-0.163841,0.227662,-0.045952,3.167663,0.78625,0.9946,0.07936,11,Narrow,Dominant
-7.672952,-7.632912,-0.071833,1.467091,1.110605,1.02807,-0.24024,-0.118515,0.245404,-0.046827,-0.358091,1.29236,1.27297,0.1157,12,Narrow,Dominant
-5.621508,-5.869168,-0.082559,-1.335702,1.099226,1.110077,-0.170777,-0.17691,0.412895,0.022973,-3.806219,1.12375,1.22488,0.10082,13,Narrow,Dominant
-4.929515,-5.258751,-0.060751,3.118543,1.113439,1.153935,-0.232015,-0.129639,0.245634,-0.235109,1.919078,1.12141,1.20552,0.10364,14,Narrow,Dominant
-2.872233,-3.345768,-0.071265,3.842216,0.987776,1.091952,-0.222566,-0.138284,-0.044702,-0.117268,-0.5093,1.12411,1.21966,0.11588,15,Narrow,Dominant
-2.366685,-2.703307,-0.051302,4.662651,1.217368,1.136903,-0.192077,-0.099531,0.290131,-0.115298,5.760673,1.16217,1.29001,0.09242,0,Narrow,Dominant
-2.776608,-2.811414,-0.073035,3.862266,1.147697,1.07721,-0.280307,-0.151423,0.171703,-0.120856,0.004967,1.32863,1.31534,0.09779,1,Narrow,Dominant
-5.928299,-6.447492,-0.061821,1.168801,1.037615,1.011361,-0.140537,-0.162477,0.234241,-0.066668,1.064299,1.01714,1.23074,0.07091,2,Narrow,Dominant
0.841801,-0.336931,-0.053671,-0.717264,1.030677,1.077029,-0.157734,-0.096224,-0.019856,-0.289278,4.949529,0.79622,1.25803,0.11445,3,Narrow,Dominant
-8.803528,-8.382898,-0.048171,1.576107,1.143331,1.094795,-0.211142,-0.110559,0.284791,-0.120565,4.693387,1.18351,1.24268,0.05995,4,Narrow,Dominant
-4.169106,-4.789107,-0.139381,7.222104,1.001442,1.106403,-0.271764,-0.20912,0.091135,-0.27135,0.201331,0.78743,1.1024,0.15232,5,Narrow,Dominant
-10.484392,-10.699895,-0.165543,9.030345,1.146374,1.02398,-0.425005,-0.304278,0.181699,-0.15027,-4.62913,0.97753,1.09484,0.10846,6,Narrow,Dominant
-4.906632,-4.066323,-0.058039,-3.657181,1.062623,1.190659,-0.22615,-0.104853,0.281059,-0.159293,-5.037118,1.35523,1.50431,0.06419,7,Narrow,Dominant
0.098898,-0.484893,-0.108624,4.850759,1.166119,1.076345,-0.32636,-0.264764,0.187956,-0.113604,3.10445,1.30983,1.45391,0.08229,8,Narrow,Dominant
11.069901,10.510246,-0.122394,2.834511,1.082399,1.0044,-0.287816,-0.197698,0.083544,-0.203881,2.202763,1.03951,1.35137,0.10071,9,Narrow,Dominant
-6.120128,-5.952937,-0.090958,1.986865,0.898135,0.954105,-0.145351,-0.168512,0.210189,-0.05308,5.381342,0.96786,1.28242,0.11558,10,Narrow,Dominant
-2.140454,-2.663356,-0.097889,0.264686,1.017074,1.032957,-0.206871,-0.175541,0.22899,-0.04436,4.163078,0.81933,1.04464,0.10337,11,Narrow,Dominant
-9.147779,-9.266483,-0.080746,1.507477,1.126558,1.044163,-0.287254,-0.1254,0.247305,0.01168,0.644391,1.15155,1.1861,0.11262,12,Narrow,Dominant
-3.054654,-3.234169,-0.078844,-2.039737,1.050994,1.112933,-0.179845,-0.187327,0.394764,0.087837,-4.128795,1.20712,1.29765,0.09347,13,Narrow,Dominant
-2.55081,-2.679106,-0.048419,2.377826,1.092265,1.153855,-0.231007,-0.099622,0.18444,-0.222492,2.059451,1.09524,1.17738,0.12116,14,Narrow,Dominant
0.475934,-0.510609,-0.09003,3.520314,0.985964,1.041288,-0.256014,-0.207992,-0.029536,-0.147211,-1.970233,1.16144,1.23694,0.13732,15,Narrow,Dominant
-0.230454,-1.186504,-0.076127,4.1753,1.216891,1.016432,-0.20442,-0.171232,0.282793,-0.139018,0.451403,1.15637,1.272,0.1068,0,Narrow,Dominant
-5.59311,-6.513109,-0.062079,3.4475,1.123596,1.1142,-0.299971,-0.096771,0.136347,-0.228872,-0.870996,1.3143,1.36687,0.11177,1,Narrow,Dominant
-2.147232,-1.666101,-0.054227,0.733296,1.051885,0.997097,-0.107957,-0.174869,0.155419,-0.035729,5.447254,1.05732,1.2265,0.09753,2,Narrow,Dominant
0.115095,-0.668694,-0.049332,-0.474182,1.050522,1.087706,-0.156939,-0.085327,-0.035802,-0.280141,1.395116,0.87772,1.25513,0.12382,3,Narrow,Dominant
-7.035479,-7.054595,-0.048603,1.44005,1.210051,1.137154,-0.212871,-0.109204,0.327408,-0.081492,6.350049,1.20529,1.2294,0.07496,4,Narrow,Dominant
-3.319484,-3.60302,-0.136128,7.544019,0.993445,1.049213,-0.25669,-0.189446,0.037165,-0.114773,0.160231,0.77011,1.08201,0.14392,5,Narrow,Dominant
-7.305896,-7.720765,-0.163332,8.97104,1.033811,1.040315,-0.333167,-0.238266,0.096081,-0.194762,-2.325991,0.86302,1.01261,0.1111,6,Narrow,Dominant
-1.929244,-1.506799,-0.064664,-3.706487,1.030993,1.157349,-0.168513,-0.127179,0.18549,-0.144791,-6.615233,1.29957,1.44252,0.03774,7,Narrow,Dominant
0.387548,-0.451877,-0.097127,4.664384,1.300371,1.160065,-0.33015,-0.254186,0.329672,-0.103245,4.797223,1.38264,1.46559,0.10618,8,Narrow,Dominant
-3.741686,-4.254344,-0.126855,2.957456,1.052724,1.071886,-0.249085,-0.223925,0.112775,-0.179202,2.234098,1.03823,1.32893,0.10616,9,Narrow,Dominant
-8.864904,-9.062439,-0.067989,3.030746,0.917989,0.900972,-0.164101,-0.12855,0.16341,-0.143545,3.40866,0.92603,1.23625,0.11114,10,Narrow,Dominant
-2.97603,-3.458442,-0.098709,0.735563,1.030335,1.027649,-0.215938,-0.178351,0.259302,-0.045765,4.906482,0.84958,1.08746,0.08467,11,Narrow,Dominant
-11.047693,-10.917317,-0.065808,1.749056,1.090484,1.058809,-0.258009,-0.137785,0.210865,-0.026005,-0.126957,1.24545,1.25168,0.10275,12,Narrow,Dominant
-3.423843,-3.535758,-0.074469,-1.313795,1.050647,1.120947,-0.179351,-0.166835,0.426444,0.033592,-3.316742,1.1183,1.20776,0.10304,13,Narrow,Dominant
-8.957659,-9.302761,-0.057908,3.413862,1.188508,1.112938,-0.292423,-0.110969,0.20631,-0.247358,1.995955,1.1489,1.22358,0.09985,14,Narrow,Dominant
-1.46659,-2.044528,-0.072502,3.961812,1.026904,1.120632,-0.207778,-0.138549,-0.057204,-0.107481,0.320005,1.16964,1.3022,0.10064,15,Narrow,Dominant
0.807387,-0.075458,-0.076185,-0.203243,1.200829,1.051027,-0.26714,-0.149476,0.066778,-0.292189,-0.16469,1.14669,1.24989,0.09936,0,Narrow,NonDominant
-1.336262,-2.127973,-0.08694,1.50406,1.123054,1.079504,-0.264246,-0.194124,0.277615,-0.06159,0.87119,1.33162,1.30499,0.09877,1,Narrow,NonDominant
-4.724924,-5.416439,-0.157373,3.750653,1.073485,0.989149,-0.309565,-0.294342,0.238976,-0.078031,3.224523,1.04509,1.22275,0.08361,2,Narrow,NonDominant
4.272654,3.507803,-0.098554,-2.985114,0.968745,1.016197,-0.133686,-0.220279,-0.033151,-0.234297,0.048272,0.89471,1.26154,0.11898,3,Narrow,NonDominant
-2.148804,-2.656691,-0.077796,0.266659,1.152526,1.116369,-0.251281,-0.187205,0.217426,-0.161214,-3.046122,1.14121,1.19827,0.07736,4,Narrow,NonDominant
-4.64784,-4.976335,-0.199613,9.754024,1.001754,1.072974,-0.36062,-0.268585,-0.075328,-0.245542,2.156625,0.66053,0.97319,0.13236,5,Narrow,NonDominant
-8.208962,-8.367395,-0.100837,6.765285,1.058953,1.12955,-0.247845,-0.218884,0.26256,-0.126998,6.07306,0.9366,1.05524,0.09896,6,Narrow,NonDominant
6.332283,5.921779,-0.047219,0.022536,0.747112,1.076582,-0.08136,-0.1701,0.040162,-0.178359,5.00989,1.29195,1.37593,0.07742,7,Narrow,NonDominant
1.922429,0.674129,-0.155949,-0.53315,1.040633,1.042647,-0.311712,-0.357524,0.271972,0.012664,-5.004931,1.24518,1.39461,0.09474,8,Narrow,NonDominant
-18.185942,-18.487398,-0.09952,4.075593,1.139129,1.072987,-0.309822,-0.17346,0.317264,-0.073916,0.796199,1.20311,1.45576,0.04903,9,Narrow,NonDominant
-1.340738,-1.928564,-0.092959,2.183194,0.914517,0.904372,-0.165858,-0.155545,0.178285,-0.080704,1.343566,0.87311,1.16997,0.12755,10,Narrow,NonDominant
-4.495091,-5.368654,-0.154435,4.616696,1.055957,1.065123,-0.339636,-0.2478,0.342793,-0.017407,1.976963,0.96359,1.19486,0.1168,11,Narrow,NonDominant
-13.242521,-13.222546,-0.066772,-1.386204,1.093667,1.047445,-0.248938,-0.114246,0.211245,-0.074868,0.173142,1.20993,1.25228,0.12503,12,Narrow,NonDominant
-0.078764,-0.836664,-0.063936,1.480356,1.052796,1.102545,-0.155292,-0.175458,0.417151,0.005574,1.25079,1.16159,1.25451,0.10608,13,Narrow,NonDominant
-4.315044,-4.6011344,-0.064131,2.106442,1.074728,1.051449,-0.238609,-0.155105,0.168592,-0.094379,0.091377,1.06465,1.14983,0.11272,14,Narrow,NonDominant
-3.099978,-3.875892,-0.056953,1.699153,0.974248,1.108483,-0.169589,-0.162557,-0.039753,-0.083478,7.208682,1.1612,1.28894,0.12303,15,Narrow,NonDominant
2.244668,1.677845,-0.101114,-0.218189,1.15703,1.017385,-0.273851,-0.233477,0.0982,-0.313028,-1.513314,1.1485,1.30929,0.08807,0,Narrow,NonDominant
-0.59455,-1.56259,-0.091116,1.227137,1.093304,1.024697,-0.228683,-0.202054,0.28169,-0.072776,0.56893,1.29448,1.2427,0.10938,1,Narrow,NonDominant
-1.741511,-2.522695,-0.137634,3.069326,1.018641,0.965868,-0.276864,-0.242988,0.189679,-0.063339,3.233595,1.04376,1.23163,0.07698,2,Narrow,NonDominant
3.181,2.953396,-0.083574,-3.49457,1.031714,1.028516,-0.118953,-0.142514,-0.027876,-0.239275,4.492821,0.83754,1.25631,0.11804,3,Narrow,NonDominant
-5.09489,-5.60951,-0.091665,0.965481,1.114892,1.095024,-0.26299,-0.210535,0.200278,-0.136792,-5.12437,1.10062,1.16666,0.07523,4,Narrow,NonDominant
-1.525691,-1.810775,-0.241,9.665193,1.044583,1.052558,-0.391146,-0.346169,0.135026,-0.257871,1.442564,0.77678,1.07714,0.16143,5,Narrow,NonDominant
-8.211773,-7.953832,-0.166413,7.382679,1.079731,1.321312,-0.244768,-0.517336,0.246738,-0.780977,5.736825,0.93428,0.98722,0.08943,6,Narrow,NonDominant
5.790031,6.247948,-0.060546,-0.373696,1.035053,1.108697,-0.15253,-0.171928,0.349818,-0.172091,4.768995,1.33056,1.52127,0.04512,7,Narrow,NonDominant
1.644212,1.053089,-0.142417,-1.257679,1.11435,1.104315,-0.30378,-0.294137,0.315999,0.063945,-0.525851,1.26579,1.443,0.10225,8,Narrow,NonDominant
-18.266396,-17.923626,-0.124111,3.104827,1.091589,1.091803,-0.333698,-0.201096,0.329526,-0.009917,-1.253696,1.1863,1.42356,0.02561,9,Narrow,NonDominant
-3.636594,-4.408313,-0.122076,2.837881,0.923121,0.945171,-0.215235,-0.187413,0.159699,-0.127477,-0.9669,0.90515,1.21742,0.11916,10,Narrow,NonDominant
-7.972156,-8.87281,-0.134166,4.431484,1.038015,1.024925,-0.323328,-0.193018,0.200008,-0.119821,-1.449276,0.84258,1.05744,0.10135,11,Narrow,NonDominant
-13.099174,-13.232145,-0.067496,-1.360896,1.071261,0.985496,-0.210797,-0.124699,0.184184,-0.02405,0.819625,1.26676,1.24143,0.10445,12,Narrow,NonDominant
-0.909727,-1.108448,-0.070939,1.87592,1.094167,1.069567,-0.211871,-0.14309,0.39116,-0.028139,0.941775,1.14019,1.23141,0.09282,13,Narrow,NonDominant
0.670692,0.362244,-0.076925,2.330213,1.08003,1.106947,-0.269907,-0.172932,0.196026,-0.203052,-0.614607,1.10092,1.17248,0.11253,14,Narrow,NonDominant
-5.0172,-5.419415,-0.073826,2.011077,0.965017,1.120865,-0.227908,-0.176305,-0.056645,-0.120063,4.145096,1.07075,1.22065,0.10963,15,Narrow,NonDominant
2.351633,1.876618,-0.081827,0.032711,1.161826,1.020546,-0.248995,-0.170277,0.139102,-0.277644,-0.382857,1.18717,1.32963,0.08379,0,Narrow,NonDominant
0.462711,0.059867,-0.071863,0.274996,1.115955,1.028051,-0.273602,-0.141688,0.249428,-0.010444,2.689033,1.32301,1.27009,0.11502,1,Narrow,NonDominant
-3.330421,-4.477975,-0.152005,4.080535,1.043017,1.01002,-0.294996,-0.319025,0.240481,-0.09327,2.297527,1.07266,1.22283,0.09612,2,Narrow,NonDominant
0.586013,0.06169,-0.128886,-2.607249,1.015021,1.027796,-0.232746,-0.196861,-0.025616,-0.21775,-8.491025,0.85545,1.29173,0.10462,3,Narrow,NonDominant
-3.105427,-3.339854,-0.083304,0.363543,1.121017,1.097322,-0.262628,-0.19455,0.194798,-0.156737,-3.784546,1.16885,1.21561,0.07433,4,Narrow,NonDominant
-1.338446,-1.633503,-0.230343,10.286887,1.012261,1.088504,-0.388649,-0.384394,0.01392,-0.448081,-0.396551,0.80401,1.12964,0.12441,5,Narrow,NonDominant
-12.154377,-12.271752,-0.088429,7.351369,1.106369,1.089025,-0.269746,-0.143189,0.280535,-0.049652,7.277973,0.92601,1.06182,0.08946,6,Narrow,NonDominant
6.2063,5.936002,-0.062787,-0.253282,1.070764,1.127026,-0.133721,-0.182649,0.359629,-0.161068,4.304491,1.28681,1.44123,0.06958,7,Narrow,NonDominant
0.436244,-0.866464,-0.150247,-0.033976,1.128985,1.05991,-0.368865,-0.284012,0.361711,0.07841,-4.339285,1.25431,1.42364,0.10213,8,Narrow,NonDominant
-12.052084,-11.531525,-0.139133,3.868665,1.080549,1.085035,-0.267074,-0.225689,0.251023,-0.020298,0.513977,1.05071,1.37118,0.11249,9,Narrow,NonDominant
-4.913242,-6.486672,-0.100753,3.674299,0.873676,0.977223,-0.2026,-0.201326,0.130699,-0.132835,-0.53309,0.90373,1.19744,0.10462,10,Narrow,NonDominant
-10.250912,-10.960279,-0.131705,4.949157,1.035877,1.025189,-0.334188,-0.194602,0.22157,-0.103583,-0.423487,0.78625,0.9946,0.07936,11,Narrow,NonDominant
-10.656558,-10.624851,-0.043909,-1.266945,1.134632,1.021673,-0.161262,-0.088535,0.164466,-0.113005,5.050863,1.29236,1.27297,0.1157,12,Narrow,NonDominant
0.952019,0.662151,-0.034498,1.708043,1.025958,1.096389,-0.113421,-0.129973,0.380239,0.031768,6.75393,1.12375,1.22488,0.10082,13,Narrow,NonDominant
-3.840394,-4.36647,-0.079531,2.837023,1.075295,1.102216,-0.275317,-0.139004,0.203675,-0.16045,0.108863,1.12141,1.20552,0.10364,14,Narrow,NonDominant
-4.594668,-5.504887,-0.080654,2.007463,1.017121,1.130164,-0.254127,-0.159704,-0.039393,-0.081195,3.463614,1.12411,1.21966,0.11588,15,Narrow,NonDominant
1.89176,1.175348,-0.099934,-0.206925,1.229409,1.048237,-0.276424,-0.215898,0.161781,-0.32073,-1.831907,1.16217,1.29001,0.09242,0,Narrow,NonDominant
-2.081303,-3.884729,-0.099196,2.094852,1.116256,1.023489,-0.254084,-0.188652,0.259316,-0.143401,-0.403568,1.32863,1.31534,0.09779,1,Narrow,NonDominant
-2.14952,-2.325709,-0.150753,3.134881,1.030124,0.990925,-0.290928,-0.292195,0.138261,-0.058491,3.381197,1.01714,1.23074,0.07091,2,Narrow,NonDominant
0.099568,-0.135322,-0.088912,-3.582498,1.033654,1.022342,-0.146017,-0.125279,-0.030128,-0.220523,1.964006,0.79622,1.25803,0.11445,3,Narrow,NonDominant
-3.014184,-3.28853,-0.079338,0.25658,1.09954,1.071501,-0.239964,-0.186954,0.178149,-0.148466,-3.938714,1.18351,1.24268,0.05995,4,Narrow,NonDominant
-2.139958,-4.051242,-0.373443,10.258557,0.952141,1.168134,-0.357602,-0.449378,0.020985,-0.6691,0.2786,0.78743,1.1024,0.15232,5,Narrow,NonDominant
-10.093599,-9.773739,-0.095833,6.522624,1.068257,1.083706,-0.253641,-0.126116,0.292606,-0.072889,5.732606,0.97753,1.09484,0.10846,6,Narrow,NonDominant
6.013351,5.993372,-0.069375,-0.147961,1.073535,1.085771,-0.170018,-0.190027,0.328873,-0.226801,5.107379,1.35523,1.50431,0.06419,7,Narrow,NonDominant
-3.068727,-4.400139,-0.158066,-0.280342,1.158156,1.13413,-0.364979,-0.308273,0.342575,0.055043,-6.504634,1.30983,1.45391,0.08229,8,Narrow,NonDominant
-10.778378,-11.262239,-0.134442,3.135369,1.064023,1.08789,-0.317051,-0.192888,0.31328,-0.004136,-2.024348,1.03951,1.35137,0.10071,9,Narrow,NonDominant
-8.031433,-8.473631,-0.119045,3.398156,0.941648,0.943325,-0.243573,-0.186804,0.138747,-0.162308,-0.371381,0.96786,1.28242,0.11558,10,Narrow,NonDominant
-8.112484,-9.006638,-0.143129,4.461841,1.019667,0.991147,-0.33191,-0.203218,0.234992,-0.095426,-0.990785,0.81933,1.04464,0.10337,11,Narrow,NonDominant
-13.809998,-14.234368,-0.059226,-0.968561,1.053032,1.012652,-0.209279,-0.105723,0.156769,-0.083759,4.332444,1.15155,1.1861,0.11262,12,Narrow,NonDominant
1.998896,1.553685,-0.049189,1.293417,0.995794,1.10618,-0.122759,-0.168745,0.3045,0.00281,3.953104,1.20712,1.29765,0.09347,13,Narrow,NonDominant
1.992288,1.338356,-0.068202,2.669116,1.09984,1.136957,-0.261084,-0.155791,0.24256,-0.149574,0.324379,1.09524,1.17738,0.12116,14,Narrow,NonDominant
-3.732349,-4.870765,-0.060732,1.696273,0.916284,1.0917,-0.178178,-0.163881,-0.054367,-0.122498,8.347753,1.16144,1.23694,0.13732,15,Narrow,NonDominant
2.933436,2.45108,-0.09534,0.152019,1.152702,1.025514,-0.268292,-0.184678,0.14187,-0.266917,0.935129,1.15637,1.272,0.1068,0,Narrow,NonDominant
-0.204591,-0.767142,-0.087775,0.927968,1.058484,1.032608,-0.255399,-0.195758,0.255599,-0.138728,1.598061,1.3143,1.36687,0.11177,1,Narrow,NonDominant
-5.860842,-6.793495,-0.161611,4.276139,0.993415,0.988277,-0.314843,-0.326394,0.244354,-0.076069,1.658791,1.05732,1.2265,0.09753,2,Narrow,NonDominant
4.481612,3.755039,-0.076016,-4.161418,0.992206,0.980385,-0.109477,-0.143697,-0.087887,-0.248774,5.371334,0.87772,1.25513,0.12382,3,Narrow,NonDominant
-1.546025,-2.100134,-0.084729,0.439335,1.115816,1.099793,-0.230416,-0.217387,0.192436,-0.147275,-4.206709,1.20529,1.2294,0.07496,4,Narrow,NonDominant
0.842128,0.468772,-0.241072,10.334381,1.033233,1.070923,-0.372997,-0.423751,0.021067,-0.483204,-0.67523,0.77011,1.08201,0.14392,5,Narrow,NonDominant
-11.290421,-10.89653,-0.126329,6.630123,1.034171,1.057738,-0.259698,-0.16431,0.284965,-0.013954,4.628839,0.86302,1.01261,0.1111,6,Narrow,NonDominant
3.101767,3.159402,-0.061838,-0.197425,0.972742,1.150864,-0.166643,-0.148368,0.289498,-0.140357,4.26886,1.29957,1.44252,0.03774,7,Narrow,NonDominant
1.402627,0.417492,-0.138637,-0.275111,1.165379,1.07711,-0.354935,-0.30604,0.380656,0.125413,-5.632565,1.38264,1.46559,0.10618,8,Narrow,NonDominant
-8.468594,-8.801544,-0.145854,3.412371,1.058645,1.067129,-0.273215,-0.261726,0.299639,0.024235,-0.36146,1.03823,1.32893,0.10616,9,Narrow,NonDominant
-6.156087,-6.880251,-0.112019,2.872078,0.924908,0.906843,-0.203875,-0.161756,0.17189,-0.155684,-1.028924,0.92603,1.23625,0.11114,10,Narrow,NonDominant
-7.941782,-8.617399,-0.177434,4.826367,1.030013,0.963351,-0.371614,-0.300283,0.272107,-0.040829,-3.526464,0.84958,1.08746,0.08467,11,Narrow,NonDominant
-15.672438,-15.927256,-0.071914,-0.88936,1.092086,0.995627,-0.240133,-0.136439,0.201281,-0.084949,1.600166,1.24545,1.25168,0.10275,12,Narrow,NonDominant
0.376666,-0.174077,-0.04857,0.860821,1.020988,1.093734,-0.14455,-0.159585,0.362855,0.04073,3.873358,1.1183,1.20776,0.10304,13,Narrow,NonDominant
-2.211192,-3.018764,-0.062457,2.422012,1.085278,1.138193,-0.249094,-0.159284,0.222655,-0.176606,1.188723,1.1489,1.22358,0.09985,14,Narrow,NonDominant
-7.155711,-8.005619,-0.073178,1.913019,1.024603,1.114435,-0.23847,-0.170195,-0.045306,-0.108764,3.477355,1.16964,1.3022,0.10064,15,Narrow,NonDominant
-5.146188,-6.099945,-0.0506,4.27778,1.326137,1.171378,-0.185434,-0.112308,0.546515,-0.13252,6.319277,1.27054,1.34677,0.26838,0,Wide,Dominant
-7.456589,-9.105064,-0.045424,2.633498,1.112582,1.091961,-0.284939,-0.020278,0.217089,-0.303332,0.306497,1.45063,1.42162,0.31571,1,Wide,Dominant
-10.581524,-11.793599,-0.025272,0.648242,1.078522,1.018454,-0.068661,-0.059256,0.362103,-0.063364,2.417686,1.01183,1.20407,0.34571,2,Wide,Dominant
-3.477335,-4.348881,-0.016284,-1.560615,1.07604,1.006431,-0.113497,-0.029613,-0.00371,-0.225389,2.054096,0.6132,0.93206,0.28546,3,Wide,Dominant
-9.360556,-9.998351,-0.020483,1.086433,1.159816,1.072127,-0.166829,-0.038258,0.365588,-0.068294,5.397152,1.08824,1.19706,0.2544,4,Wide,Dominant
-6.91756,-7.716965,-0.075461,7.279798,0.977155,1.054191,-0.199668,-0.150938,0.11549,-0.176433,0.911284,0.73859,0.98232,0.36943,5,Wide,Dominant
-10.260321,-10.930189,-0.137949,7.787237,1.033738,1.076743,-0.305261,-0.247509,0.23882,-0.148477,-3.400476,1.0204,1.14284,0.31025,6,Wide,Dominant
-3.682995,-3.901185,-0.009873,-4.860927,1.008748,1.112293,-0.115968,-0.060135,0.254957,-0.237083,-1.318706,1.2232,1.41891,0.3711,7,Wide,Dominant
-0.061633,-1.76124,-0.085941,3.202147,1.336342,1.22213,-0.314432,-0.180071,0.378942,-0.160855,4.908829,1.26212,1.45144,0.30769,8,Wide,Dominant
-13.633339,-14.327696,-0.091357,2.721066,1.147917,1.067319,-0.30516,-0.15386,0.289935,-0.145332,-1.418524,1.08223,1.37985,0.31056,9,Wide,Dominant
-14.317966,-15.34645,-0.044467,1.541323,0.873006,0.876172,-0.135432,-0.129896,0.23752,-0.036378,3.97759,1.04794,1.17893,0.2947,10,Wide,Dominant
-2.497822,-3.248217,-0.070397,-0.219248,1.03485,1.027004,-0.139774,-0.108197,0.399362,-0.064965,4.82513,0.84173,1.06058,0.32171,11,Wide,Dominant
-13.862084,-14.377193,-0.035755,0.844814,1.145634,0.983269,-0.252253,-0.079427,0.321747,-0.042699,0.763032,1.34944,1.37643,0.29583,12,Wide,Dominant
-13.126136,-14.034644,-0.053408,-2.141655,1.066404,1.073309,-0.177688,-0.133045,0.440596,0.077329,0.003524,1.16051,1.23014,0.29162,13,Wide,Dominant
-11.87046,-12.277247,-0.023738,2.878427,1.160626,1.105788,-0.224702,0.000644,0.390521,-0.172066,6.151217,1.15345,1.20536,0.28687,14,Wide,Dominant
-2.165841,-3.555726,-0.06166,2.268047,1.099821,1.062814,-0.244458,-0.077737,0.362889,-0.132838,-2.639713,1.2631,1.31363,0.33441,15,Wide,Dominant
-8.713626,-9.737897,-0.055764,4.56086,1.183501,1.106209,-0.221449,-0.075571,0.343387,-0.169896,4.903354,1.13318,1.35981,0.25933,0,Wide,Dominant
-8.295553,-10.213046,-0.027806,2.57303,1.102206,1.037364,-0.223097,0.028052,0.212432,-0.313048,2.74377,1.3971,1.41107,0.35833,1,Wide,Dominant
-7.770641,-8.840147,-0.022166,0.559352,1.050542,1.040653,-0.068345,-0.063233,0.348564,-0.063786,2.664389,1.0083,1.19988,0.32587,2,Wide,Dominant
0.769755,-0.346751,-0.043958,-1.431229,1.048581,0.969029,-0.12665,-0.090297,-0.027069,-0.261922,4.700892,0.63826,0.98717,0.28866,3,Wide,Dominant
-9.29503,-9.580035,-0.015397,0.738516,1.15299,1.062943,-0.156567,-0.028949,0.353672,-0.130709,5.567979,1.12521,1.20397,0.24262,4,Wide,Dominant
-1.428259,-2.288879,-0.080374,6.502288,0.979401,1.033458,-0.19993,-0.157715,0.18903,-0.090062,1.615641,0.7311,0.93581,0.35836,5,Wide,Dominant
-11.112712,-11.995167,-0.142692,7.733387,1.076794,1.076764,-0.328639,-0.240071,0.343321,-0.145078,-2.964541,0.93682,1.0711,0.29242,6,Wide,Dominant
-11.039286,-11.162398,-0.010825,-4.83504,1.035922,1.122254,-0.136438,-0.053905,0.302197,-0.189525,-4.170325,1.19003,1.30903,0.3318,7,Wide,Dominant
-0.914884,-2.170088,-0.100743,3.801517,1.222546,1.047141,-0.327323,-0.172121,0.253158,-0.158462,3.587593,1.25078,1.39462,0.31995,8,Wide,Dominant
-13.291716,-13.83065,-0.097043,2.932416,1.157744,1.096511,-0.322826,-0.166543,0.342217,-0.158246,0.146569,1.1006,1.41427,0.31249,9,Wide,Dominant
-14.775253,-15.897922,-0.039471,1.822974,0.948747,0.981855,-0.13728,-0.107632,0.282197,-0.110239,4.856649,1.20227,1.33452,0.27026,10,Wide,Dominant
-3.223658,-4.104507,-0.073898,-0.065251,1.066654,1.013611,-0.156733,-0.111387,0.383228,-0.033935,2.059671,0.84935,1.09566,0.32703,11,Wide,Dominant
-15.716603,-16.171642,-0.050847,1.514106,1.138767,1.082384,-0.272538,-0.077434,0.340848,-0.018339,1.366948,1.2914,1.25912,0.28693,12,Wide,Dominant
-14.938525,-15.551853,-0.03791,-2.057605,1.05436,1.045828,-0.149937,-0.088292,0.464549,-0.005728,0.676431,1.17383,1.27948,0.30112,13,Wide,Dominant
-11.49264,-11.827616,-0.027227,2.395842,1.185856,1.104022,-0.250877,-0.016513,0.359424,-0.193716,4.767845,1.19335,1.23511,0.29659,14,Wide,Dominant
-5.371123,-5.968028,-0.068136,2.820205,0.912494,1.086638,-0.202572,-0.082904,0.041096,-0.086762,-2.413624,1.11591,1.23866,0.33741,15,Wide,Dominant
-5.938644,-7.094658,-0.050549,4.409045,1.30633,1.154711,-0.198233,-0.097051,0.502232,-0.1598,5.557057,1.27414,1.38881,0.25285,0,Wide,Dominant
-8.1251,-9.882761,-0.051444,3.190918,1.123744,0.996652,-0.295846,-0.005487,0.224215,-0.262629,1.54901,1.36655,1.42121,0.30119,1,Wide,Dominant
-13.881045,-14.909436,-0.019085,0.334075,0.989263,0.975206,-0.08474,-0.067497,0.275827,-0.067616,2.229653,1.00514,1.26647,0.34073,2,Wide,Dominant
-3.566743,-4.727704,0.00281,-1.020929,1.064005,1.033964,-0.116116,0.004727,-0.002972,-0.273359,2.90398,0.61907,0.96987,0.2909,3,Wide,Dominant
-10.193981,-10.520061,-0.020241,1.022812,1.179211,1.06648,-0.138214,-0.09908,0.41013,-0.086204,6.672096,1.13364,1.19032,0.27177,4,Wide,Dominant
-6.859187,-7.457568,-0.074092,7.113948,1.00541,1.039811,-0.188782,-0.15072,0.160108,-0.17168,1.811276,0.68224,0.85621,0.34709,5,Wide,Dominant
-12.678365,-13.529718,-0.134006,8.046791,0.977035,1.027753,-0.270179,-0.247482,0.140541,-0.199389,-3.705729,0.87466,0.97378,0.29739,6,Wide,Dominant
-7.309457,-7.330158,-0.012995,-4.613668,0.997491,1.116118,-0.132691,-0.073792,0.27785,-0.247622,-4.519241,1.29423,1.346,0.3213,7,Wide,Dominant
-1.220456,-2.701563,-0.103421,4.016665,1.165812,1.00142,-0.289727,-0.187135,0.210415,-0.207945,2.419408,1.25489,1.43058,0.32208,8,Wide,Dominant
-12.652483,-13.164847,-0.097407,2.833247,1.157072,1.046961,-0.317013,-0.171161,0.286,-0.150464,1.515842,1.0586,1.45557,0.30862,9,Wide,Dominant
-15.189331,-16.159302,-0.049663,1.394303,0.904643,0.937949,-0.138253,-0.108692,0.295368,-0.086429,4.710257,1.13239,1.26827,0.281,10,Wide,Dominant
-4.512502,-5.226374,-0.082407,0.097466,1.055088,1.034508,-0.185275,-0.16175,0.369542,-0.054409,0.932712,0.91704,1.1463,0.28427,11,Wide,Dominant
-14.089331,-14.551776,-0.043601,1.051776,1.13965,1.03253,-0.251247,-0.096171,0.295654,-0.064242,1.252448,1.34476,1.29769,0.29628,12,Wide,Dominant
-9.921931,-10.375862,-0.057119,-2.143517,1.119799,1.056626,-0.200182,-0.122983,0.51729,0.048383,-0.478144,1.1861,1.27506,0.30264,13,Wide,Dominant
-8.337809,-9.128819,-0.023314,2.493601,1.173962,1.058126,-0.20617,-0.02205,0.448334,-0.187191,5.16894,1.13368,1.19037,0.28728,14,Wide,Dominant
-4.398924,-5.300964,-0.063181,2.962344,0.969495,1.033812,-0.23036,-0.079688,0.009046,-0.103843,-4.440631,1.15491,1.26463,0.33494,15,Wide,Dominant
-6.481292,-7.658849,-0.052175,3.831449,1.259819,1.145239,-0.176645,-0.101037,0.447335,-0.133402,5.187276,1.6089,1.35147,0.26538,0,Wide,Dominant
-15.625557,-17.098097,-0.041691,3.739261,1.094466,1.01653,-0.287331,0.04441,0.161014,-0.215305,0.926838,1.36993,1.34253,0.29349,1,Wide,Dominant
-12.023176,-13.407542,-0.025209,0.70071,1.013721,0.990766,-0.085977,-0.085374,0.313546,-0.067532,1.095204,1.00815,1.25011,0.34808,2,Wide,Dominant
-4.236377,-5.109306,-0.001364,-0.977463,1.066048,0.998387,-0.088255,-0.022269,-0.032428,-0.253588,0.392019,0.58439,0.87658,0.27609,3,Wide,Dominant
-9.316023,-10.221288,-0.019542,1.057373,1.150374,1.074149,-0.126767,-0.052793,0.408852,-0.065131,5.591887,1.12944,1.20851,0.23694,4,Wide,Dominant
-7.468466,-8.21858,-0.084957,7.383616,0.972849,1.027449,-0.213883,-0.156039,0.161793,-0.171201,1.881143,0.74264,0.94686,0.33188,5,Wide,Dominant
-11.906428,-12.847263,-0.159014,8.029328,1.085788,1.029849,-0.3726,-0.262869,0.303885,-0.111065,-3.275022,0.90417,1.00363,0.2902,6,Wide,Dominant
-11.986341,-11.42696,0.000018,-4.379261,0.945652,1.150854,-0.134793,-0.019672,0.2702,-0.16252,-2.702059,1.26924,1.32001,0.28715,7,Wide,Dominant
-0.994642,-2.887718,-0.09541,3.762757,1.21032,1.02847,-0.290067,-0.169087,0.410442,-0.079889,4.395292,1.10966,1.37043,0.31751,8,Wide,Dominant
-9.472689,-10.088189,-0.084626,2.502336,1.211927,1.034588,-0.321896,-0.178982,0.351284,-0.175528,1.094573,1.22636,1.49616,0.32532,9,Wide,Dominant
-9.954949,-10.813199,-0.056501,1.404818,0.943395,0.950833,-0.130169,-0.112902,0.323422,-0.076638,5.630381,1.03837,1.23047,0.29996,10,Wide,Dominant
-3.923132,-4.821209,-0.063073,-0.456997,1.054324,1.035984,-0.13742,-0.123445,0.330992,-0.136177,3.308298,0.92739,1.1376,0.31743,11,Wide,Dominant
-12.671579,-12.890781,-0.038913,-0.030746,1.116352,1.0154,-0.248725,-0.09747,0.275285,-0.072671,2.010849,1.37257,1.36571,0.27196,12,Wide,Dominant
-6.650818,-7.870651,-0.033477,-3.129714,1.156822,1.080886,-0.139645,-0.0785,0.622847,0.041963,0.449312,1.19449,1.25421,0.35024,13,Wide,Dominant
-7.058619,-7.632468,-0.021878,2.205165,1.156066,1.086951,-0.20702,-0.012796,0.382055,-0.244773,4.185658,1.17665,1.21195,0.29212,14,Wide,Dominant
-1.324701,-2.512647,-0.077448,2.275985,0.993487,1.100741,-0.211292,-0.112351,0.210513,-0.085484,-2.147267,1.13399,1.24739,0.31985,15,Wide,Dominant
-5.356731,-6.537431,-0.044632,3.22781,1.276222,1.200276,-0.169865,-0.08037,0.524382,-0.117457,5.601161,1.21409,1.40835,0.294,0,Wide,Dominant
-11.561026,-13.368528,-0.046856,3.235634,1.05063,1.048124,-0.225546,-0.061613,0.080977,-0.317636,0.60888,1.41554,1.31646,0.30532,1,Wide,Dominant
-13.290715,-14.067004,-0.026615,0.551377,1.064361,1.060356,-0.089091,-0.077516,0.392824,-0.077181,1.842918,1.03953,1.24743,0.33591,2,Wide,Dominant
-0.271566,-1.320176,-0.016161,-0.925935,1.047746,1.013491,-0.131494,-0.028121,-0.019264,-0.236997,3.653436,0.61511,0.94112,0.29552,3,Wide,Dominant
-12.195516,-13.219813,-0.0235,0.559668,1.178624,1.081697,-0.166579,-0.072615,0.394346,-0.137387,5.271853,1.16578,1.24739,0.24651,4,Wide,Dominant
-9.423486,-10.175177,-0.078465,7.42591,1.006723,1.014443,-0.194486,-0.169372,0.139868,-0.121628,1.705114,0.64887,0.84677,0.33643,5,Wide,Dominant
-13.764826,-14.665867,-0.143964,8.020355,1.054305,1.043936,-0.327895,-0.249653,0.316443,-0.123177,-3.292025,0.85473,0.97866,0.30116,6,Wide,Dominant
-5.100236,-5.064564,-0.006966,-4.578814,1.013783,1.130616,-0.108201,-0.06093,0.259653,-0.185462,-4.712366,1.1579,1.38947,0.3536,7,Wide,Dominant
-1.029382,-2.432483,-0.125143,3.362154,1.203302,1.07031,-0.307241,-0.20074,0.234552,-0.102322,4.377822,1.10236,1.35039,0.30132,8,Wide,Dominant
-13.19043,-13.991544,-0.081972,2.922491,1.113859,1.055752,-0.32114,-0.108053,0.201422,-0.177806,-0.606889,1.15155,1.37034,0.25415,9,Wide,Dominant
-13.614082,-14.512784,-0.05245,1.533339,0.940309,0.950627,-0.134804,-0.11769,0.352631,-0.07416,5.177557,1.10373,1.31896,0.27937,10,Wide,Dominant
-4.38776,-4.946542,-0.072564,-0.123676,1.040159,1.024556,-0.16464,-0.136766,0.368971,-0.071173,3.810548,0.90194,1.10037,0.32465,11,Wide,Dominant
-14.326748,-15.045104,-0.048837,1.158291,1.121896,1.079885,-0.247169,-0.112349,0.341502,-0.063509,1.710073,1.39434,1.35251,0.26872,12,Wide,Dominant
-7.737275,-8.777131,-0.046553,-2.686246,1.090912,1.038936,-0.171657,-0.102388,0.51267,0.021868,-0.475964,1.23238,1.294,0.3354,13,Wide,Dominant
-8.516734,-9.39467,-0.018798,2.53676,1.169322,1.110357,-0.201486,-0.015864,0.43416,-0.194793,4.853426,1.17082,1.20595,0.29018,14,Wide,Dominant
-1.574827,-2.57901,-0.061727,2.548292,0.911577,1.056055,-0.19171,-0.066879,-0.013091,-0.138829,-3.666992,1.05365,1.19589,0.32264,15,Wide,Dominant
-3.581233,-4.446318,-0.050966,-1.435108,1.084403,1.04202,-0.195877,-0.075025,0.204475,-0.317897,-0.702371,1.21348,1.28629,0.27414,0,Wide,NonDominant
-1.236787,-2.894456,-0.061635,1.266374,1.073907,1.103911,-0.196405,-0.10302,0.373677,-0.205588,3.025687,1.25195,1.30203,0.34019,1,Wide,NonDominant
-10.834514,-11.490008,-0.134137,3.801735,1.038166,0.979194,-0.282011,-0.186969,0.264624,-0.129876,3.321036,1.00153,1.30199,0.34723,2,Wide,NonDominant
1.614419,-0.13927,-0.068112,-4.280755,1.072767,0.9971,-0.162395,-0.104535,-0.005019,-0.251395,0.878416,0.59379,0.9085,0.2979,3,Wide,NonDominant
-5.747127,-6.746779,-0.06156,0.139734,1.089301,1.040206,-0.211585,-0.108021,0.205808,-0.200641,-5.477135,1.18517,1.24443,0.23087,4,Wide,NonDominant
-6.836851,-7.262562,-0.169526,9.574158,0.99149,1.017944,-0.323878,-0.297451,0.005325,-0.269379,0.721725,0.70202,0.94773,0.30547,5,Wide,NonDominant
-10.775575,-11.380082,-0.046537,5.78025,0.938221,1.039829,-0.141483,-0.074924,0.205631,-0.130796,5.628266,0.80352,0.94815,0.30881,6,Wide,NonDominant
-0.425069,-1.0604,-0.023087,-1.628163,0.962463,1.138273,-0.134344,-0.078041,0.18973,-0.317118,3.281154,1.2067,1.37564,0.38329,7,Wide,NonDominant
0.316183,-2.189758,-0.113804,-2.57957,1.181875,1.059915,-0.32203,-0.235359,0.444329,0.106761,-5.211387,1.38279,1.56256,0.32711,8,Wide,NonDominant
-15.161482,-15.913408,-0.100865,2.049755,0.997442,1.067222,-0.223482,-0.191424,0.31114,-0.039429,-0.353081,0.97726,1.28509,0.31656,9,Wide,NonDominant
-7.780517,-9.188065,-0.075527,2.590641,0.983226,0.942953,-0.205745,-0.103762,0.264148,-0.137803,0.575216,0.97813,1.18843,0.2959,10,Wide,NonDominant
-9.704638,-10.884538,-0.155044,5.165716,1.071955,1.038957,-0.386863,-0.275312,0.445402,0.044587,-1.891299,1.05895,1.24426,0.28402,11,Wide,NonDominant
-17.250463,-17.773397,-0.050472,-2.311945,1.104037,1.004066,-0.202516,-0.124544,0.270583,-0.139667,-1.888665,1.27089,1.32173,0.28743,12,Wide,NonDominant
-8.263778,-9.600768,-0.022235,0.559408,1.098821,1.074671,-0.127313,-0.028322,0.502042,0.021856,1.042656,1.12573,1.22705,0.29626,13,Wide,NonDominant
-6.172324,-7.142874,-0.048202,2.457886,1.139706,1.098381,-0.270467,-0.052115,0.366688,-0.229316,-0.291163,1.13996,1.17986,0.30336,14,Wide,NonDominant
-8.180977,-9.150132,-0.05417,1.608738,1.033758,1.045668,-0.18155,-0.144995,-0.039599,-0.092544,2.242674,1.13896,1.3041,0.3096,15,Wide,NonDominant
-0.848112,-1.709352,-0.059487,-1.046814,1.069217,1.052498,-0.207707,-0.105719,0.176722,-0.32114,-0.393762,1.21794,1.27884,0.28241,0,Wide,NonDominant
-4.606781,-5.928765,-0.077041,1.938726,1.128323,1.112779,-0.28927,-0.130352,0.343898,-0.236973,-0.315249,1.33431,1.30763,0.32957,1,Wide,NonDominant
-5.615337,-6.519269,-0.120807,3.94996,1.117746,0.99401,-0.274008,-0.186261,0.423832,-0.110794,4.264854,1.04082,1.24899,0.33683,2,Wide,NonDominant
1.311605,-0.322937,-0.074937,-4.22862,1.023337,1.016626,-0.136237,-0.092084,-0.016738,-0.214939,4.008318,0.61566,1.04047,0.28219,3,Wide,NonDominant
-9.023676,-9.864795,-0.060002,0.425509,1.12533,1.123585,-0.234096,-0.109894,0.23718,-0.160997,-2.928829,1.17605,1.23486,0.19712,4,Wide,NonDominant
-0.671522,-1.509225,-0.166832,9.257743,0.975222,1.059548,-0.305181,-0.255093,0.029011,-0.26095,0.81323,0.70859,0.9566,0.31849,5,Wide,NonDominant
-9.712429,-10.117244,-0.045517,5.903899,0.999284,1.034468,-0.154437,-0.13828,0.229281,-0.074852,8.262232,0.83094,0.93896,0.30701,6,Wide,NonDominant
8.301308,7.368798,-0.026887,-1.720196,1.069299,1.103306,-0.111174,-0.094529,0.137902,-0.32835,3.827136,1.23873,1.42454,0.37782,7,Wide,NonDominant
-0.826641,-4.025072,-0.117216,-1.778199,1.140927,1.102867,-0.317516,-0.24756,0.385865,0.115496,-4.262756,1.40747,1.52006,0.29416,8,Wide,NonDominant
-17.780094,-18.46846,-0.105013,2.490822,1.060138,0.99779,-0.230888,-0.218,0.341704,-0.064112,-0.348769,0.93302,1.25957,0.31965,9,Wide,NonDominant
-8.004657,-9.356026,-0.075808,1.087864,0.982156,0.883432,-0.212826,-0.153015,0.328148,-0.078085,-0.633395,1.00613,1.20735,0.32614,10,Wide,NonDominant
-10.109505,-11.236534,-0.14789,5.420146,1.078895,0.994301,-0.373477,-0.298108,0.493532,0.037012,-2.317559,1.06366,1.2498,0.29372,11,Wide,NonDominant
-15.153252,-15.592146,-0.054063,-2.281747,1.142633,1.038299,-0.218656,-0.106884,0.249307,-0.117082,-0.231415,1.2906,1.27124,0.28539,12,Wide,NonDominant
-8.724048,-9.997399,-0.018694,0.536307,1.049096,1.082314,-0.112058,-0.04802,0.440778,0.058372,1.554862,1.10271,1.22401,0.29827,13,Wide,NonDominant
-11.016848,-11.793385,-0.043998,2.388143,1.063202,1.135749,-0.200338,-0.055965,0.258749,-0.200351,-2.107143,1.16167,1.20232,0.27703,14,Wide,NonDominant
-7.307575,-7.332831,-0.052314,1.208165,0.981042,1.046676,-0.207333,-0.114663,0.084467,-0.023388,6.410644,1.06517,1.24092,0.35884,15,Wide,NonDominant
-2.680522,-3.532619,-0.05964,-0.799855,1.107033,1.047436,-0.194674,-0.103977,0.189805,-0.304164,-0.51121,1.17814,1.2724,0.29772,0,Wide,NonDominant
-3.505188,-4.484685,-0.071072,1.757164,0.967761,1.000958,-0.205344,-0.128059,0.248558,-0.185656,-0.382494,1.31172,1.31172,0.28963,1,Wide,NonDominant
-9.708798,-10.553481,-0.119711,4.382129,1.131721,1.036044,-0.305351,-0.173604,0.428524,-0.098225,4.247117,1.0081,1.2702,0.32597,2,Wide,NonDominant
0.810842,-0.843512,-0.083633,-4.427454,1.043964,0.995774,-0.149242,-0.089157,-0.021981,-0.204122,1.572364,0.63358,1.02006,0.29401,3,Wide,NonDominant
-8.627907,-9.5875,-0.063134,0.144204,1.128306,1.091934,-0.22527,-0.092773,0.289013,-0.180259,-4.44157,1.10656,1.22828,0.23163,4,Wide,NonDominant
-5.72193,-6.45738,-0.158563,9.606968,0.970367,1.040584,-0.302497,-0.262868,-0.002046,-0.273551,0.527419,0.68918,0.91661,0.32672,5,Wide,NonDominant
-10.381884,-10.738904,-0.044261,6.051664,0.993331,1.077957,-0.143305,-0.084793,0.266319,-0.104453,8.394694,0.87244,0.99894,0.31126,6,Wide,NonDominant
3.072339,1.893239,-0.035754,-1.006632,0.958306,1.084311,-0.140871,-0.126347,0.247453,-0.293583,2.530582,1.22564,1.38497,0.35781,7,Wide,NonDominant
2.058821,0.515182,-0.096106,-2.089441,1.246859,1.009434,-0.321239,-0.176225,0.469975,0.058007,-2.402851,1.38775,1.53346,0.31203,8,Wide,NonDominant
-18.512581,-18.814053,-0.1082,2.332041,1.080931,1.026598,-0.226077,-0.209324,0.388519,-0.038563,1.141747,0.91778,1.26195,0.30273,9,Wide,NonDominant
-13.580158,-14.936148,-0.071078,-1.7918,0.992915,0.919141,-0.254447,-0.079431,0.251345,-0.18114,-0.907777,1.07399,1.2512,0.28295,10,Wide,NonDominant
-12.956635,-13.998301,-0.137356,4.920212,1.077377,1.10449,-0.352106,-0.227815,0.434447,0.031218,-0.426936,1.0863,1.29813,0.2902,11,Wide,NonDominant
-19.148985,-19.31708,-0.034951,-1.406594,1.146219,1.025945,-0.195733,-0.087476,0.237494,-0.184001,0.617023,1.26533,1.25268,0.28873,12,Wide,NonDominant
-9.607231,-10.77877,-0.017291,0.750553,1.021925,1.052055,-0.133579,-0.019155,0.398786,-0.028026,2.109012,1.11716,1.20653,0.31504,13,Wide,NonDominant
-7.830379,-8.009015,-0.063703,2.446664,1.147584,1.111922,-0.334977,-0.061245,0.342537,-0.222916,-0.418399,1.11361,1.16372,0.30505,14,Wide,NonDominant
-7.836759,-8.314895,-0.030946,1.664667,0.897746,1.009596,-0.138777,-0.119712,0.013989,-0.091337,5.566613,1.12124,1.27822,0.36567,15,Wide,NonDominant
-2.019228,-2.8742,-0.059089,-1.132504,1.075991,1.062454,-0.223155,-0.105132,0.220806,-0.33416,-0.105941,1.27592,1.39075,0.27661,0,Wide,NonDominant
-4.342257,-5.875818,-0.069726,1.757633,1.05573,1.021612,-0.249183,-0.122623,0.257654,-0.18131,-0.045588,1.37449,1.33325,0.30076,1,Wide,NonDominant
-11.044792,-12.249135,-0.123504,5.071319,1.160254,1.018846,-0.295732,-0.203995,0.441526,-0.106217,3.632732,1.04917,1.23803,0.3301,2,Wide,NonDominant
2.179013,0.921687,-0.083876,-4.454465,1.024346,0.944035,-0.151689,-0.068805,-0.036061,-0.18395,4.743729,0.66926,1.05743,0.29474,3,Wide,NonDominant
-7.845203,-8.861253,-0.069093,0.121915,1.060833,1.065893,-0.229349,-0.07807,0.253662,-0.198803,-5.333891,1.08288,1.20199,0.24427,4,Wide,NonDominant
-8.5289,-8.999594,-0.20769,9.444097,0.99658,1.028969,-0.354679,-0.346307,0.054093,-0.211161,0.127014,0.67379,0.88491,0.31651,5,Wide,NonDominant
-11.380851,-11.875475,-0.040055,5.804622,1.015804,1.062991,-0.16121,-0.044066,0.14635,-0.159522,6.870155,0.78413,0.94618,0.3057,6,Wide,NonDominant
-2.018156,-2.520752,-0.014055,-0.9596,0.944775,1.102667,-0.126222,-0.050002,0.169131,-0.304783,2.354803,1.25493,1.38043,0.36604,7,Wide,NonDominant
0.560568,-1.311712,-0.082695,-2.402287,1.350944,0.98565,-0.295654,-0.143037,0.606597,-0.036851,-0.998047,1.49269,1.62703,0.29482,8,Wide,NonDominant
-16.493164,-17.209774,-0.086171,1.779412,1.107225,1.088711,-0.198801,-0.16073,0.414486,-0.059203,0.748713,1.08187,1.35775,0.2925,9,Wide,NonDominant
-12.151906,-13.354826,-0.081906,3.659171,1.008092,0.979373,-0.228805,-0.113432,0.305309,-0.179526,0.372989,1.10055,1.30415,0.30376,10,Wide,NonDominant
-14.493906,-15.921062,-0.135715,5.8474,1.074058,1.051707,-0.374931,-0.228694,0.451565,0.001493,-0.717913,1.16518,1.31665,0.29137,11,Wide,NonDominant
-15.790336,-15.666085,-0.061686,-2.317087,1.192904,1.050349,-0.22813,-0.124881,0.368008,-0.095078,0.677434,1.31192,1.2988,0.29081,12,Wide,NonDominant
-8.510514,-9.977071,-0.013974,0.579761,1.023597,1.058954,-0.096413,-0.046961,0.447277,0.053153,2.974014,1.04579,1.16083,0.32415,13,Wide,NonDominant
-8.08216,-8.727771,-0.026839,2.476098,1.071525,1.100044,-0.209858,-0.022174,0.285392,-0.223751,-1.465697,1.14661,1.15808,0.31267,14,Wide,NonDominant
-11.096575,-11.917538,-0.048336,1.196867,0.959634,0.908104,-0.171427,-0.151054,-0.024002,-0.055773,4.589381,1.02391,1.20309,0.34403,15,Wide,NonDominant
-2.308072,-3.060216,-0.058143,-1.050382,1.125679,1.111646,-0.212376,-0.091525,0.236583,-0.336391,-0.556726,1.22871,1.32701,0.28499,0,Wide,NonDominant
-2.212508,-3.840519,-0.073078,1.264295,1.217677,1.08073,-0.284394,-0.167368,0.406921,-0.220947,0.924941,1.40449,1.33427,0.31159,1,Wide,NonDominant
-10.012841,-11.125408,-0.136647,5.025672,1.119294,1.02729,-0.303634,-0.211321,0.442032,-0.115031,3.540549,1.08349,1.29477,0.33472,2,Wide,NonDominant
1.320696,0.157234,-0.071953,-4.791086,1.014173,1.013465,-0.116082,-0.09611,-0.016053,-0.153015,5.489628,0.58689,0.98598,0.29829,3,Wide,NonDominant
-7.006934,-8.015178,-0.070431,0.292667,1.068585,1.073705,-0.2133,-0.117631,0.249242,-0.1659,-4.918002,1.09834,1.24112,0.23381,4,Wide,NonDominant
-9.144933,-9.498591,-0.172461,9.542875,1.009248,1.056325,-0.357074,-0.240302,0.101612,-0.263101,-0.472486,0.67838,0.89377,0.31567,5,Wide,NonDominant
-9.433247,-10.413419,-0.042662,6.017423,0.979005,1.067084,-0.136124,-0.043783,0.270079,-0.114177,8.195438,0.91186,1.06687,0.31551,6,Wide,NonDominant
-2.462397,-3.257776,-0.026503,-0.92124,0.947002,1.14975,-0.134513,-0.066184,0.146517,-0.339914,2.134655,1.25271,1.40304,0.39734,7,Wide,NonDominant
-0.650517,-3.232895,-0.094311,-1.741013,1.233029,1.038571,-0.301101,-0.17485,0.462703,-0.064487,-5.74358,1.48438,1.5586,0.29226,8,Wide,NonDominant
-17.52264,-18.215422,-0.098802,2.198043,1.075511,1.102226,-0.263734,-0.178355,0.310933,-0.116681,0.649404,1.15782,1.42411,0.27518,9,Wide,NonDominant
-10.093764,-11.549136,-0.079428,1.756962,0.946596,0.911264,-0.193742,-0.160378,0.226635,-0.123172,-1.702412,1.01785,1.21633,0.31617,10,Wide,NonDominant
-11.149122,-12.202265,-0.142585,5.617401,1.093618,1.080103,-0.404371,-0.23409,0.474595,0.039907,-0.682299,1.16338,1.32043,0.27421,11,Wide,NonDominant
-16.768785,-17.193235,-0.054321,-1.857397,1.144491,1.034142,-0.223775,-0.11478,0.261065,-0.1242,0.102369,1.32165,1.32165,0.2688,12,Wide,NonDominant
-9.372978,-10.881149,-0.022594,0.35038,1.066259,1.066175,-0.148683,-0.06267,0.49938,0.02829,2.018297,1.12238,1.24584,0.28817,13,Wide,NonDominant
-7.699776,-8.169691,-0.066088,3.114862,1.114255,1.10474,-0.266988,-0.062578,0.333694,-0.153655,-2.176415,1.08933,1.14925,0.28012,14,Wide,NonDominant
-4.921448,-5.800848,-0.044429,1.138842,0.958446,1.087692,-0.175336,-0.115953,0.003821,-0.099792,6.405718,1.09394,1.27991,0.34804,15,Wide,NonDominant
